"table","month","count"
"Actions Library","2025-04",3
"Alert Message Template","2025-07",3
"Alert Protocols","2025-07",3
"Alert Protocols","2025-12",1
"Assessment Batteries","2025-10",9
"Assessment Batteries","2025-11",1
"Assessment Ref Ranges","2025-06",3
"Assessments","2025-04",27
"Assessments","2025-05",1
"Assessments","2025-06",10
"Assessments","2025-07",9
"Assessments","2025-08",5
"Assessments","2025-09",4
"Assessments","2025-10",22
"Assessments","2025-11",21
"Assessments","2025-12",3
"Assets","2025-07",2
"Assets","2025-12",19
"Cascaid Clinics","2025-08",3
"Cat_Reference_Tyrer-Cuzick Lifetime Risk Categories","2025-04",3
"Clinical Protocols","2025-09",1
"Constraints_Preferences","2025-07",3
"Constructs","2025-05",4
"Constructs","2025-06",28
"Constructs","2025-07",20
"Constructs","2025-08",1
"Constructs","2025-09",4
"Constructs","2025-10",12
"Constructs","2025-11",9
"Contraindications","2025-11",24
"Demographics","2025-04",26
"Dimension","2025-06",2
"Domains","2025-04",5
"Domains","2025-06",12
"Domains","2025-07",1
"Domains","2025-09",2
"Domains","2025-10",2
"Domains","2025-11",4
"Edges","2025-09",2476
"Educational Content","2025-04",1
"Educational Content","2025-05",2
"General Goals","2025-11",10
"Goals By Population","2025-05",3
"Goals By Population","2025-06",5
"Habits","2025-07",3
"Injury Types","2025-05",1707
"Intervention Protocols","2025-08",1
"Intervention Protocols","2025-09",1
"Intervention Protocols","2025-11",61
"Intervention Protocols","2025-12",36
"Interventions","2025-04",14
"Interventions","2025-05",1
"Interventions","2025-06",14
"Interventions","2025-07",7
"Interventions","2025-08",5
"Interventions","2025-09",1
"Interventions","2025-10",1
"Interventions","2025-11",54
"Interventions","2025-12",1
"Lifestyle Medicine Pillars","2025-07",6
"Literature Links","2025-04",3
"Literature Links","2025-09",1
"Literature Links","2025-11",1
"Member Level","2025-11",4
"Metrics","2025-04",27
"Metrics","2025-05",2
"Metrics","2025-06",215
"Metrics","2025-07",28
"Metrics","2025-08",8
"Metrics","2025-09",13
"Metrics","2025-10",4
"Metrics","2025-11",34
"Milestones","2025-05",3
"Moderators","2025-06",5
"Moderators","2025-07",4
"Nodes","2025-09",1829
"Practitioner Roles","2025-04",9
"Practitioner Roles","2025-09",10
"Practitioners","2025-04",3
"Practitioners","2025-09",8
"Practitioners","2025-10",10
"Programs","2025-05",3
"Protocol Condition","2025-04",4
"Protocol Condition","2025-09",2
"Protocol Recommendation","2025-09",1
"Questionnaire_Library","2025-04",7
"Reference Ranges","2025-04",52
"Reference Ranges","2025-09",19
"Reference Ranges","2025-11",12
"Rehabilitation","2025-06",3
"Sports","2025-04",4
"Sports","2025-05",1
"Sports","2025-10",6
"Subgoals","2025-11",36
"Supplements","2025-05",3
"Survey_Item_Library","2025-04",4
"Technologies","2025-04",10
"Technologies","2025-05",4
"Technologies","2025-06",4
"Technologies","2025-07",5
"Technologies","2025-08",6
"Technologies","2025-09",5
"Technologies","2025-10",3
"Technologies","2025-11",7
"Test Protocols","2025-04",4
"Test Protocols","2025-05",1
"Test Protocols","2025-06",2
"Test Protocols","2025-08",2
"Test Protocols","2025-09",1
"Test Protocols","2025-10",1
"Trigger Conditions","2025-12",8
"Vendors","2025-04",11
"Vendors","2025-06",1
"Vendors","2025-07",3
"Vendors","2025-08",5
"Vendors","2025-11",7
