"table","rows_total","first_record","last_record"
"Edges",2476,2025-09-12 14:29:20,2025-09-12 14:30:10
"Nodes",1829,2025-09-12 14:28:44,2025-09-12 14:29:19
"Injury Types",1707,2025-05-28 15:07:20,2025-05-28 15:07:20
"Metrics",331,2025-04-03 00:20:59,2025-11-28 14:14:24
"Assessments",102,2025-04-03 00:20:59,2025-12-04 15:46:51
"Intervention Protocols",99,2025-08-21 13:08:16,2025-12-02 09:49:22
"Interventions",98,2025-04-03 00:20:59,2025-12-01 00:07:28
"Reference Ranges",83,2025-04-04 22:30:11,2025-11-10 00:19:41
"Constructs",78,2025-05-27 14:59:20,2025-11-13 04:32:58
"Technologies",44,2025-04-03 00:20:59,2025-11-10 04:14:27
"Subgoals",36,2025-11-13 16:17:15,2025-11-24 21:14:00
"Vendors",27,2025-04-03 00:20:59,2025-11-10 04:15:22
"Demographics",26,2025-04-04 22:24:41,2025-04-04 22:24:41
"Domains",26,2025-04-03 00:20:59,2025-11-13 04:32:28
"Contraindications",24,2025-11-11 18:45:30,2025-11-18 16:23:08
"Assets",21,2025-07-02 11:14:18,2025-12-12 11:16:13
"Practitioners",21,2025-04-03 16:56:37,2025-10-06 10:52:24
"Practitioner Roles",19,2025-04-04 19:22:01,2025-09-22 14:38:24
"Sports",11,2025-04-18 11:58:34,2025-10-06 14:35:46
"Test Protocols",11,2025-04-03 16:44:11,2025-10-06 13:34:08
"Assessment Batteries",10,2025-10-21 10:28:19,2025-11-01 01:25:07
"General Goals",10,2025-11-13 16:07:44,2025-11-16 23:48:36
"Moderators",9,2025-06-12 16:08:37,2025-07-17 15:47:54
"Goals By Population",8,2025-05-05 22:16:22,2025-06-12 15:55:53
"Trigger Conditions",8,2025-12-01 12:57:52,2025-12-09 11:56:58
"Questionnaire_Library",7,2025-04-03 00:20:59,2025-04-03 00:20:59
"Lifestyle Medicine Pillars",6,2025-07-23 17:06:26,2025-07-24 13:16:53
"Protocol Condition",6,2025-04-03 00:33:25,2025-09-19 01:11:29
"Literature Links",5,2025-04-03 17:45:20,2025-11-13 00:41:56
"Alert Protocols",4,2025-07-24 18:04:42,2025-12-09 11:38:49
"Member Level",4,2025-11-19 15:42:08,2025-11-19 15:51:09
"Survey_Item_Library",4,2025-04-03 00:20:59,2025-04-03 00:20:59
"Actions Library",3,2025-04-14 22:13:11,2025-04-14 22:13:11
"Alert Message Template",3,2025-07-24 18:09:35,2025-07-24 18:09:35
"Assessment Ref Ranges",3,2025-06-13 15:15:23,2025-06-13 15:15:23
"Cascaid Clinics",3,2025-08-04 17:16:16,2025-08-04 17:16:16
"Cat_Reference_Tyrer-Cuzick Lifetime Risk Categories",3,2025-04-14 21:55:59,2025-04-14 21:55:59
"Constraints_Preferences",3,2025-07-29 18:33:42,2025-07-29 18:33:42
"Educational Content",3,2025-04-04 21:00:59,2025-05-01 15:36:45
"Habits",3,2025-07-29 18:34:30,2025-07-29 18:34:30
"Milestones",3,2025-05-05 22:20:41,2025-05-05 22:20:41
"Programs",3,2025-05-05 22:02:53,2025-05-05 22:02:53
"Rehabilitation",3,2025-06-05 14:15:31,2025-06-05 14:15:31
"Supplements",3,2025-05-05 22:20:17,2025-05-05 22:20:17
"Dimension",2,2025-06-12 15:26:19,2025-06-12 15:26:19
"Clinical Protocols",1,2025-09-18 08:58:23,2025-09-18 08:58:23
"Protocol Recommendation",1,2025-09-18 08:56:49,2025-09-18 08:56:49
