from,to
recgRZ2lbEFa1Nt5Q,rec4W6rDCELaCgtvA
recgRZ2lbEFa1Nt5Q,recT1YUmi1GfdcarT
recgRZ2lbEFa1Nt5Q,rec9zzXnWWoI6ebyg
recgRZ2lbEFa1Nt5Q,rect453WGj44XmTPs
recgRZ2lbEFa1Nt5Q,recEfcTC2KqD8Bomr
recgRZ2lbEFa1Nt5Q,rec3oKZF20mdrOsZP
recgRZ2lbEFa1Nt5Q,recqk3l2BcIHBsO1H
recgRZ2lbEFa1Nt5Q,recNi1Bl2SlP1kmLf
recgRZ2lbEFa1Nt5Q,rec77GAfL5R9cvqDc
recgRZ2lbEFa1Nt5Q,recnXenpw9d6lyHfG
recgRZ2lbEFa1Nt5Q,recgvFOldMa7sYmIT
recgRZ2lbEFa1Nt5Q,rec4yRZnSgprEouqL
recgRZ2lbEFa1Nt5Q,recK2Jmq7WTDwG913
recgRZ2lbEFa1Nt5Q,recsZVImQSfgtSAVC
reclzLFPAfRZdvrCx,recT1YUmi1GfdcarT
reclzLFPAfRZdvrCx,rec9zzXnWWoI6ebyg
reclzLFPAfRZdvrCx,recJGnUxrJcSfntJV
reclzLFPAfRZdvrCx,recECC9TSlbV9Unx9
reclzLFPAfRZdvrCx,recpLznsiMPG89JZS
reclzLFPAfRZdvrCx,rec4W6rDCELaCgtvA
reclzLFPAfRZdvrCx,rec3oKZF20mdrOsZP
reclzLFPAfRZdvrCx,recmvqm0tDNB3iTAp
reclzLFPAfRZdvrCx,recNi1Bl2SlP1kmLf
reclzLFPAfRZdvrCx,rect453WGj44XmTPs
rec3oKZF20mdrOsZP,recx371VHQKStvwb5
rec3oKZF20mdrOsZP,rec3VnS3m9SPPVWbi
rec3oKZF20mdrOsZP,rec476NrB2vSUWqHG
rec3oKZF20mdrOsZP,recRUbNhMMxmjHH6j
rec3oKZF20mdrOsZP,recjZGHG6DfMQPKou
rec3oKZF20mdrOsZP,recUtexmPBoE47lrU
rec3oKZF20mdrOsZP,recVf6cYleUxBnKiR
rec3oKZF20mdrOsZP,recnORDhgZu137T07
rec3oKZF20mdrOsZP,recgCGcD8lFyEGwHs
rec3oKZF20mdrOsZP,recGpkudHWgON7Gm3
rec3oKZF20mdrOsZP,recQuVbowrCEY5skL
rec3oKZF20mdrOsZP,recR8DhtrjhiPKSMg
rec3oKZF20mdrOsZP,recwA6wthqu5TmSEj
rec3oKZF20mdrOsZP,recaFVb7A5c4dAbZ7
rec3oKZF20mdrOsZP,rec9zzXnWWoI6ebyg
rec3oKZF20mdrOsZP,rec4W6rDCELaCgtvA
rec3oKZF20mdrOsZP,recmvqm0tDNB3iTAp
rec3oKZF20mdrOsZP,rec4yRZnSgprEouqL
rec3oKZF20mdrOsZP,recT1YUmi1GfdcarT
rec4W6rDCELaCgtvA,recGaKR4hC5uGrDxB
rec4W6rDCELaCgtvA,rec3VnS3m9SPPVWbi
rec4W6rDCELaCgtvA,rec1MZnQeNr2w90Yy
rec4W6rDCELaCgtvA,recns7nDmsOKHlizd
rec4W6rDCELaCgtvA,recbe35bgBYTpIBn9
rec4W6rDCELaCgtvA,recE9gAnoKCekg5WC
rec4W6rDCELaCgtvA,rec3oKZF20mdrOsZP
rec4W6rDCELaCgtvA,rec77GAfL5R9cvqDc
rec4dfsmesZO9z6pK,recnORDhgZu137T07
rec4dfsmesZO9z6pK,recx371VHQKStvwb5
rec4dfsmesZO9z6pK,recUtexmPBoE47lrU
rec4dfsmesZO9z6pK,recUhv5dwHZwOWlJA
rec4dfsmesZO9z6pK,recb1F2RO3crUfqgm
rec4yRZnSgprEouqL,recx371VHQKStvwb5
rec4yRZnSgprEouqL,reck0sb6pZGPf6Pcv
rec77GAfL5R9cvqDc,reck0sb6pZGPf6Pcv
rec77GAfL5R9cvqDc,recvs9RNCHJXkT8e7
rec77GAfL5R9cvqDc,recp3tIJYLTYlWUC9
rec77GAfL5R9cvqDc,recx371VHQKStvwb5
rec77GAfL5R9cvqDc,recGpkudHWgON7Gm3
rec87RHDyXiEalhTP,recjZGHG6DfMQPKou
rec87RHDyXiEalhTP,rec476NrB2vSUWqHG
rec87RHDyXiEalhTP,recx371VHQKStvwb5
rec87RHDyXiEalhTP,recgCGcD8lFyEGwHs
rec87RHDyXiEalhTP,recGpkudHWgON7Gm3
rec87RHDyXiEalhTP,recaFVb7A5c4dAbZ7
rec87RHDyXiEalhTP,recwA6wthqu5TmSEj
rec9zzXnWWoI6ebyg,recWAA36T3dANDEJO
rec9zzXnWWoI6ebyg,recfDr3NZkYFMRoh6
rec9zzXnWWoI6ebyg,recOcfe91YDUmwIOj
rec9zzXnWWoI6ebyg,recrir1gh1zIP3TrW
rec9zzXnWWoI6ebyg,recSMe6sSHvtTlMp9
rec9zzXnWWoI6ebyg,recXCyzwgIXoj8CCX
rec9zzXnWWoI6ebyg,recb1F2RO3crUfqgm
rec9zzXnWWoI6ebyg,recaFVb7A5c4dAbZ7
rec9zzXnWWoI6ebyg,rect453WGj44XmTPs
rec9zzXnWWoI6ebyg,rec3oKZF20mdrOsZP
recBeDmRtd7SIvhE4,recsqVh9ajEU7y6wu
recBeDmRtd7SIvhE4,recP0Y3thqXnP8fBV
recBeDmRtd7SIvhE4,recYNSFFPaOLyRQVd
recECC9TSlbV9Unx9,recDEGz4XrTPAz7fo
recECC9TSlbV9Unx9,recEMnUhLjmilWszv
recECC9TSlbV9Unx9,recxprVeU0IMAbOUh
recECC9TSlbV9Unx9,recpAS0kMe71FDX7H
recECC9TSlbV9Unx9,rec897957Gvk1TOUj
recECC9TSlbV9Unx9,recQ9RId8SWVHvh1p
recEfcTC2KqD8Bomr,recblMgXP4Mok7z4A
recEfcTC2KqD8Bomr,recnORDhgZu137T07
recEfcTC2KqD8Bomr,recx371VHQKStvwb5
recEfcTC2KqD8Bomr,recCyRMEehCEMFrMk
recEfcTC2KqD8Bomr,recUtexmPBoE47lrU
recEfcTC2KqD8Bomr,recUhv5dwHZwOWlJA
recEfcTC2KqD8Bomr,recb1F2RO3crUfqgm
recEfcTC2KqD8Bomr,recGpkudHWgON7Gm3
recEfcTC2KqD8Bomr,rec3oKZF20mdrOsZP
recEfcTC2KqD8Bomr,recNi1Bl2SlP1kmLf
recEfcTC2KqD8Bomr,rec77GAfL5R9cvqDc
recHFpiYQfeBzmrf8,recx371VHQKStvwb5
recHFpiYQfeBzmrf8,recnORDhgZu137T07
recJGnUxrJcSfntJV,recy1F4Lu0UIKSj03
recJGnUxrJcSfntJV,recM9PCCJe7SsG1qe
recJGnUxrJcSfntJV,recrorEeEiPQqpRog
recJGnUxrJcSfntJV,reclVhowpUH2K0kGC
recJGnUxrJcSfntJV,recvQVjSTcYcNAJ8M
recJGnUxrJcSfntJV,recVf6cYleUxBnKiR
recJGnUxrJcSfntJV,recHnYbvgqSSz46lp
recJGnUxrJcSfntJV,recr8EUCcL6AXErv5
recJGnUxrJcSfntJV,recp3tIJYLTYlWUC9
recJGnUxrJcSfntJV,recpAS0kMe71FDX7H
recJGnUxrJcSfntJV,recDsZAsUO3Qze6sK
recJGnUxrJcSfntJV,recDEGz4XrTPAz7fo
recJGnUxrJcSfntJV,recQzOrv4q9y7PhOK
recJGnUxrJcSfntJV,recCyRMEehCEMFrMk
recJGnUxrJcSfntJV,recb1F2RO3crUfqgm
recJGnUxrJcSfntJV,recx371VHQKStvwb5
recJGnUxrJcSfntJV,recGpkudHWgON7Gm3
recJGnUxrJcSfntJV,recwA6wthqu5TmSEj
recJKbFzmB0yvANwY,recIHax6MMyiPkRn5
recJKbFzmB0yvANwY,recsfUFnNabPiaNtb
recK2Jmq7WTDwG913,recE9gAnoKCekg5WC
recK2Jmq7WTDwG913,recx371VHQKStvwb5
recNi1Bl2SlP1kmLf,recVf6cYleUxBnKiR
recNi1Bl2SlP1kmLf,recx371VHQKStvwb5
recNi1Bl2SlP1kmLf,recb1F2RO3crUfqgm
recNi1Bl2SlP1kmLf,recvs9RNCHJXkT8e7
recNi1Bl2SlP1kmLf,recUtexmPBoE47lrU
recNi1Bl2SlP1kmLf,recr8EUCcL6AXErv5
recNi1Bl2SlP1kmLf,recwA6wthqu5TmSEj
recO84BmGJ2Wd9EK5,recYNSFFPaOLyRQVd
recObX6RRYmoGnPNF,recUhv5dwHZwOWlJA
recObX6RRYmoGnPNF,recb1F2RO3crUfqgm
recT1YUmi1GfdcarT,recM9PCCJe7SsG1qe
recT1YUmi1GfdcarT,recy1F4Lu0UIKSj03
recT1YUmi1GfdcarT,recrorEeEiPQqpRog
recT1YUmi1GfdcarT,recvQVjSTcYcNAJ8M
recT1YUmi1GfdcarT,recVf6cYleUxBnKiR
recT1YUmi1GfdcarT,recHnYbvgqSSz46lp
recT1YUmi1GfdcarT,recGaKR4hC5uGrDxB
recT1YUmi1GfdcarT,rec3VnS3m9SPPVWbi
recT1YUmi1GfdcarT,recx371VHQKStvwb5
recT1YUmi1GfdcarT,recQ9RId8SWVHvh1p
recT1YUmi1GfdcarT,recbCpQsVFYYYEtDh
recgvFOldMa7sYmIT,recCyRMEehCEMFrMk
recgvFOldMa7sYmIT,recUhv5dwHZwOWlJA
recgvFOldMa7sYmIT,recjZGHG6DfMQPKou
recgvFOldMa7sYmIT,recb1F2RO3crUfqgm
recgvFOldMa7sYmIT,rec3oKZF20mdrOsZP
recgvFOldMa7sYmIT,recNi1Bl2SlP1kmLf
recmvqm0tDNB3iTAp,recCyRMEehCEMFrMk
recmvqm0tDNB3iTAp,recDsZAsUO3Qze6sK
recmvqm0tDNB3iTAp,recbCpQsVFYYYEtDh
recmvqm0tDNB3iTAp,rec3VnS3m9SPPVWbi
recmvqm0tDNB3iTAp,recNERUzBBKrtuH9Y
recmvqm0tDNB3iTAp,recp3tIJYLTYlWUC9
recmvqm0tDNB3iTAp,recDEGz4XrTPAz7fo
recnXenpw9d6lyHfG,recblMgXP4Mok7z4A
recnXenpw9d6lyHfG,recnORDhgZu137T07
recnXenpw9d6lyHfG,recx371VHQKStvwb5
recnXenpw9d6lyHfG,recGpkudHWgON7Gm3
recnXenpw9d6lyHfG,recaFVb7A5c4dAbZ7
recpLznsiMPG89JZS,recvRJYY3TpJqrRZ3
recpLznsiMPG89JZS,recm0MpjOouRLemfW
recpLznsiMPG89JZS,recWwYsZbXena5gZy
recpLznsiMPG89JZS,recATXSzRkYo0KeAK
recpLznsiMPG89JZS,recqpLH0GC18fA0rd
recpLznsiMPG89JZS,recefrPauZ7Jjj9gx
recpLznsiMPG89JZS,recSmGAt8NsrweTup
recqk3l2BcIHBsO1H,recNERUzBBKrtuH9Y
recqk3l2BcIHBsO1H,rechFelX7IN1qVYiB
recqk3l2BcIHBsO1H,recrSSXJe2vXcnP06
recqk3l2BcIHBsO1H,rechnQQOAfSsX240X
recqk3l2BcIHBsO1H,recz1PzcbH6KU0XXM
recqk3l2BcIHBsO1H,recvs9RNCHJXkT8e7
recqk3l2BcIHBsO1H,recKL7TUkBkrwoTJI
recqk3l2BcIHBsO1H,recEfcTC2KqD8Bomr
recqk3l2BcIHBsO1H,recnXenpw9d6lyHfG
recqk3l2BcIHBsO1H,recgvFOldMa7sYmIT
recsZVImQSfgtSAVC,recE9gAnoKCekg5WC
recsZVImQSfgtSAVC,recGaKR4hC5uGrDxB
rect453WGj44XmTPs,recIHax6MMyiPkRn5
rect453WGj44XmTPs,recXPwFig1oKMS0R8
rect453WGj44XmTPs,recuO9pKsegeLkwnA
rect453WGj44XmTPs,recb1F2RO3crUfqgm
rect453WGj44XmTPs,recsfUFnNabPiaNtb
rect453WGj44XmTPs,rec9zzXnWWoI6ebyg
rect453WGj44XmTPs,recgvFOldMa7sYmIT
rec1MZnQeNr2w90Yy,rec0Gvik1HQIP0ZSk
rec1MZnQeNr2w90Yy,recNTjvHEvFeOztLD
rec1MZnQeNr2w90Yy,rec3VnS3m9SPPVWbi
rec1MZnQeNr2w90Yy,recloohaJGBbvyfcS
rec3VnS3m9SPPVWbi,reckZgYyDVRXdHlZz
rec3VnS3m9SPPVWbi,rec1MZnQeNr2w90Yy
rec476NrB2vSUWqHG,recNlgaRuDqRhOuYg
rec476NrB2vSUWqHG,recmWxFsyR0jVKsd1
rec476NrB2vSUWqHG,recyD3GOrYIpiWWDq
rec476NrB2vSUWqHG,rec0yTqOMdrlDmAgF
rec476NrB2vSUWqHG,rechSBOBQ26fPHDtJ
rec476NrB2vSUWqHG,recGjF9cVLYSxNjZA
rec476NrB2vSUWqHG,recUpB6DlUjKbmF6e
rec897957Gvk1TOUj,receJEi7dj67aesho
rec897957Gvk1TOUj,recduLJ1ZAWLXbKE9
rec897957Gvk1TOUj,recb0aOx2WbBqfkkw
rec897957Gvk1TOUj,recEUbWVhGIP93Zr1
rec897957Gvk1TOUj,recPmqdSeugRDFbcz
rec897957Gvk1TOUj,rec01X3COa1ib3US2
rec897957Gvk1TOUj,recQ9RId8SWVHvh1p
rec897957Gvk1TOUj,recM9PCCJe7SsG1qe
rec897957Gvk1TOUj,recEMnUhLjmilWszv
recATXSzRkYo0KeAK,recDsZAsUO3Qze6sK
recCyRMEehCEMFrMk,recnZ2rdxHXwZH5GL
recCyRMEehCEMFrMk,recQ8LcdqPwFTU7vU
recCyRMEehCEMFrMk,reclw9M2iHHMIOiXD
recCyRMEehCEMFrMk,recXDV8AJz3Cfj6bc
recCyRMEehCEMFrMk,recSlWLXMVzMCYmM3
recCyRMEehCEMFrMk,reck7HcZm1Z8TIX7S
recCyRMEehCEMFrMk,reckgd1oC8DgmJl3t
recCyRMEehCEMFrMk,recjha1kMbrZpPANm
recCyRMEehCEMFrMk,recEscX3xBva5yQ8o
recCyRMEehCEMFrMk,recdSl9f7EmE8eIdk
recCyRMEehCEMFrMk,recASbgHSjM2aUZHV
recCyRMEehCEMFrMk,recJZqFRoE5mRNq4G
recCyRMEehCEMFrMk,recQrwwYVEZpOBod3
recCyRMEehCEMFrMk,reczU7i1bLcPC4We9
recCyRMEehCEMFrMk,recdVMUaCoXacskEC
recCyRMEehCEMFrMk,recNTjvHEvFeOztLD
recCyRMEehCEMFrMk,recQn4o3tVK9NDhqj
recCyRMEehCEMFrMk,recX47Xe0s4TsW097
recCyRMEehCEMFrMk,recRUzNGqXTlLXHui
recCyRMEehCEMFrMk,recEUGAvAWP6d0N8k
recCyRMEehCEMFrMk,recDsZAsUO3Qze6sK
recCyRMEehCEMFrMk,recIHax6MMyiPkRn5
recDEGz4XrTPAz7fo,recdsR5NQWqDGy87m
recDEGz4XrTPAz7fo,receJEi7dj67aesho
recDEGz4XrTPAz7fo,recKeLVqpK7rDigqv
recDEGz4XrTPAz7fo,recFW2Sudmks7GPsG
recDEGz4XrTPAz7fo,recQeU5dMI9jFuUjo
recDEGz4XrTPAz7fo,recQ9RId8SWVHvh1p
recDEGz4XrTPAz7fo,recEMnUhLjmilWszv
recDEGz4XrTPAz7fo,recQzOrv4q9y7PhOK
recDsZAsUO3Qze6sK,recLLHJ7SlYK0Kmbc
recDsZAsUO3Qze6sK,rec01X3COa1ib3US2
recDsZAsUO3Qze6sK,recpLVGBgdRD9GO94
recDsZAsUO3Qze6sK,reczfFAtR3qoOItmt
recDsZAsUO3Qze6sK,recwGcgvCgOKfdlSW
recDsZAsUO3Qze6sK,recpDeAMWuX5i8s5B
recDsZAsUO3Qze6sK,recvQVjSTcYcNAJ8M
recDsZAsUO3Qze6sK,recM9PCCJe7SsG1qe
recE9gAnoKCekg5WC,recXavWDBvYyPWRe0
recE9gAnoKCekg5WC,recaE2lfDoKu5cbyL
recE9gAnoKCekg5WC,recPQHgCaik70E1Ab
recE9gAnoKCekg5WC,recnkZ6HOBriIPhrO
recE9gAnoKCekg5WC,recsdjczt4g0Nmlwr
recE9gAnoKCekg5WC,rec8lXN2nSmgeFH3m
recE9gAnoKCekg5WC,recGTf0BDZ6diglWM
recE9gAnoKCekg5WC,recS2EymEQ5AjPAxH
recE9gAnoKCekg5WC,recEC4Phebu71M9eT
recE9gAnoKCekg5WC,recyMDB2ApWjDD9hm
recE9gAnoKCekg5WC,recI3s8kMpMHQhzFG
recE9gAnoKCekg5WC,recWtYN980TjKsr9V
recE9gAnoKCekg5WC,recGaKR4hC5uGrDxB
recE9gAnoKCekg5WC,recNERUzBBKrtuH9Y
recEMnUhLjmilWszv,recCgDhDxA3R8ZYIK
recEMnUhLjmilWszv,rec02DbChOJHI7tC8
recEMnUhLjmilWszv,recVXzegXTTgh4EBt
recEXn4dzb6BGyoUi,recMgz4XfzIei6aiz
recEXn4dzb6BGyoUi,reczk3WQep4cK6eu4
recGaKR4hC5uGrDxB,recPQHgCaik70E1Ab
recGaKR4hC5uGrDxB,recsdjczt4g0Nmlwr
recGaKR4hC5uGrDxB,recXavWDBvYyPWRe0
recGaKR4hC5uGrDxB,recaE2lfDoKu5cbyL
recGaKR4hC5uGrDxB,recGTf0BDZ6diglWM
recGaKR4hC5uGrDxB,recyMDB2ApWjDD9hm
recGaKR4hC5uGrDxB,recI3s8kMpMHQhzFG
recGaKR4hC5uGrDxB,recE9gAnoKCekg5WC
recGpkudHWgON7Gm3,recUpB6DlUjKbmF6e
recHnYbvgqSSz46lp,recgJZSUEilVsZr7b
recHnYbvgqSSz46lp,recvQVjSTcYcNAJ8M
recHnYbvgqSSz46lp,recrorEeEiPQqpRog
recHnYbvgqSSz46lp,recQzOrv4q9y7PhOK
recIHax6MMyiPkRn5,recZKwlz6H3LVtPMm
recIHax6MMyiPkRn5,recQ8LcdqPwFTU7vU
recIHax6MMyiPkRn5,recQ4sTmknRbonPxW
recIHax6MMyiPkRn5,recxfICUmP5qvtKM1
recIHax6MMyiPkRn5,recSdxUER6lJkhdcl
recIHax6MMyiPkRn5,recdVMUaCoXacskEC
recIHax6MMyiPkRn5,recNTjvHEvFeOztLD
recIHax6MMyiPkRn5,rec9uI9hHe952yQag
recIHax6MMyiPkRn5,recX47Xe0s4TsW097
recIHax6MMyiPkRn5,recRUzNGqXTlLXHui
recIHax6MMyiPkRn5,recEUGAvAWP6d0N8k
recIHax6MMyiPkRn5,recCyRMEehCEMFrMk
recKL7TUkBkrwoTJI,recEob6U1Z9XJ8nBF
recKL7TUkBkrwoTJI,recZ5fJ84AgwDLKkA
recM9PCCJe7SsG1qe,rec01X3COa1ib3US2
recM9PCCJe7SsG1qe,recKeLVqpK7rDigqv
recM9PCCJe7SsG1qe,recpDeAMWuX5i8s5B
recM9PCCJe7SsG1qe,recr8EUCcL6AXErv5
recM9PCCJe7SsG1qe,recp3tIJYLTYlWUC9
recM9PCCJe7SsG1qe,recDsZAsUO3Qze6sK
recM9PCCJe7SsG1qe,recx371VHQKStvwb5
recM9PCCJe7SsG1qe,recvQVjSTcYcNAJ8M
recM9PCCJe7SsG1qe,rec897957Gvk1TOUj
recMs00toNL24sDwy,reczk3WQep4cK6eu4
recN79hM3ziDmeP7h,rech67D1hc4JegWpv
recN79hM3ziDmeP7h,recFW2Sudmks7GPsG
recNERUzBBKrtuH9Y,recWtYN980TjKsr9V
recNERUzBBKrtuH9Y,recE9gAnoKCekg5WC
recNERUzBBKrtuH9Y,recYNSFFPaOLyRQVd
recOcfe91YDUmwIOj,rec02DbChOJHI7tC8
recOcfe91YDUmwIOj,recWAA36T3dANDEJO
recOcfe91YDUmwIOj,recIHax6MMyiPkRn5
recOcfe91YDUmwIOj,recATXSzRkYo0KeAK
recQ9RId8SWVHvh1p,receJEi7dj67aesho
recQ9RId8SWVHvh1p,rec988XxnGWBp5l2L
recQ9RId8SWVHvh1p,rechrEJCmT5QRUfps
recQ9RId8SWVHvh1p,rec9X7m6mjyNHCA9L
recQ9RId8SWVHvh1p,recJ02R3Xoi71HA5u
recQ9RId8SWVHvh1p,recvMDD1RgNnIYbOg
recQ9RId8SWVHvh1p,recR0OUXVz0ufih2h
recQ9RId8SWVHvh1p,recCwT1KzYM0H4CWu
recQ9RId8SWVHvh1p,recGvU9KZrFnt6jXc
recQ9RId8SWVHvh1p,recJsLx2nBhXqLT1w
recQ9RId8SWVHvh1p,recEUbWVhGIP93Zr1
recQ9RId8SWVHvh1p,recEMnUhLjmilWszv
recQ9RId8SWVHvh1p,recDEGz4XrTPAz7fo
recQuVbowrCEY5skL,recNlgaRuDqRhOuYg
recQuVbowrCEY5skL,rechSBOBQ26fPHDtJ
recQuVbowrCEY5skL,rec0yTqOMdrlDmAgF
recQzOrv4q9y7PhOK,recbT6vtmciT1joG9
recQzOrv4q9y7PhOK,recSA6AFfYVnyFGT8
recQzOrv4q9y7PhOK,rec5asNEqoG1RCf1H
recQzOrv4q9y7PhOK,recNM2GpAfPJaWJok
recQzOrv4q9y7PhOK,recONXjSG1IY4pNh5
recQzOrv4q9y7PhOK,recuwZ3ruwTVH3pBZ
recQzOrv4q9y7PhOK,rec0Gvik1HQIP0ZSk
recQzOrv4q9y7PhOK,recpLVGBgdRD9GO94
recQzOrv4q9y7PhOK,recZMVSncPsS11vXx
recQzOrv4q9y7PhOK,recnH9NUyIs9xBh4S
recQzOrv4q9y7PhOK,recNTjvHEvFeOztLD
recQzOrv4q9y7PhOK,rec4FFfTKu1XMdFCy
recQzOrv4q9y7PhOK,recr8EUCcL6AXErv5
recQzOrv4q9y7PhOK,recHnYbvgqSSz46lp
recR8DhtrjhiPKSMg,rec0yTqOMdrlDmAgF
recSMe6sSHvtTlMp9,recOcfe91YDUmwIOj
recSMe6sSHvtTlMp9,recWAA36T3dANDEJO
recSmGAt8NsrweTup,recdqmjG7tAmchH58
recSmGAt8NsrweTup,recOcfe91YDUmwIOj
recSmGAt8NsrweTup,recvRJYY3TpJqrRZ3
recSmGAt8NsrweTup,recWAA36T3dANDEJO
recUhv5dwHZwOWlJA,rec0yVB289WkfND0B
recUhv5dwHZwOWlJA,recGFXFftmRif4hcp
recUhv5dwHZwOWlJA,recToIhlC6OiUtcuZ
recUhv5dwHZwOWlJA,recbHIm42ui1cCz8q
recUhv5dwHZwOWlJA,recgfVmRyHchDAI3q
recUhv5dwHZwOWlJA,recdVMUaCoXacskEC
recUhv5dwHZwOWlJA,reczk3WQep4cK6eu4
recUtexmPBoE47lrU,recT7KExKpYmhcCqB
recUtexmPBoE47lrU,recjWF8EkxbjkfMGM
recUtexmPBoE47lrU,rec61K4vmojtf1Qe5
recUtexmPBoE47lrU,rec26DIXmBDR9i8cm
recUtexmPBoE47lrU,recFprEUhKaISlvNZ
recUtexmPBoE47lrU,recguQfS3B7jaIQ1f
recUtexmPBoE47lrU,recSa8nLuCcrbjJPK
recUtexmPBoE47lrU,rec4KSTkm6g0RIKsh
recUtexmPBoE47lrU,rec0yTqOMdrlDmAgF
recUtexmPBoE47lrU,reczzPZ5IvudB4YTF
recUtexmPBoE47lrU,recrFCubp2Ij0qmYX
recUtexmPBoE47lrU,recX47Xe0s4TsW097
recVf6cYleUxBnKiR,rechZxqCAyrzD87Nw
recVf6cYleUxBnKiR,rech1Agxr8JK0CuSf
recVf6cYleUxBnKiR,recbeD3tETdHeQjYl
recVf6cYleUxBnKiR,recBh2WToOK2NwOwY
recVf6cYleUxBnKiR,recFW2Sudmks7GPsG
recVf6cYleUxBnKiR,recDKkceesGI48Apv
recVf6cYleUxBnKiR,reczLPA5WlTcMU2KE
recVf6cYleUxBnKiR,recbxmzOfBolIAEp6
recVf6cYleUxBnKiR,recXQqmW2tUfJEFMJ
recVf6cYleUxBnKiR,rec4FFfTKu1XMdFCy
recVf6cYleUxBnKiR,recAFIjGpP4WcqHsn
recVf6cYleUxBnKiR,recKhpvI4GeAv3q3h
recVf6cYleUxBnKiR,recCIBmd3pHaIyYVn
recWAA36T3dANDEJO,recxQK3GHfEnfxoNk
recWAA36T3dANDEJO,rec6mzFrkxadIJ37Z
recWAA36T3dANDEJO,recVTFSE9G90kocK0
recWAA36T3dANDEJO,rec1bIAxEXG8fKnRN
recWAA36T3dANDEJO,recdqqiHIxoEgnVKQ
recWAA36T3dANDEJO,recX47Xe0s4TsW097
recWAA36T3dANDEJO,recEUGAvAWP6d0N8k
recXPwFig1oKMS0R8,recRddK7Mw2Wd7tJH
recXPwFig1oKMS0R8,recQ8LcdqPwFTU7vU
recXPwFig1oKMS0R8,recbT6vtmciT1joG9
recXPwFig1oKMS0R8,recSdxUER6lJkhdcl
recXPwFig1oKMS0R8,rec9yzONdGRJQvYXQ
recYNSFFPaOLyRQVd,rec1ak8fPVy6Ncgdf
recYNSFFPaOLyRQVd,recKYFk88RB3PcoMw
recYNSFFPaOLyRQVd,recooNP6jvdCxCEVl
recYNSFFPaOLyRQVd,recjVaXGyIeUjiPfJ
recaFVb7A5c4dAbZ7,rec0yTqOMdrlDmAgF
recaFVb7A5c4dAbZ7,recnORDhgZu137T07
recaFVb7A5c4dAbZ7,rec476NrB2vSUWqHG
recb1F2RO3crUfqgm,recAydgiVLvkmN7Hh
recb1F2RO3crUfqgm,reckfJd576eju8Ica
recb1F2RO3crUfqgm,recNM2GpAfPJaWJok
recb1F2RO3crUfqgm,rec5asNEqoG1RCf1H
recb1F2RO3crUfqgm,recSA6AFfYVnyFGT8
recb1F2RO3crUfqgm,recONXjSG1IY4pNh5
recb1F2RO3crUfqgm,rec6N3ooAfxW78d73
recb1F2RO3crUfqgm,reciKDOEEOCnRQoIS
recb1F2RO3crUfqgm,rec7FCXpdYFWxC6Ut
recb1F2RO3crUfqgm,recDKkceesGI48Apv
recbCpQsVFYYYEtDh,recbHaQy3scZqgZ9h
recbCpQsVFYYYEtDh,rec0Gvik1HQIP0ZSk
recbCpQsVFYYYEtDh,recFuSV8dg6ZXRroB
recbe35bgBYTpIBn9,rec2D1xN03rHeMxUJ
recbe35bgBYTpIBn9,recooNP6jvdCxCEVl
recblMgXP4Mok7z4A,recVpPsPsIjpcGaCW
recblMgXP4Mok7z4A,recHtGtDHHqv5VNN0
recblMgXP4Mok7z4A,reckZgYyDVRXdHlZz
recgCGcD8lFyEGwHs,recNlgaRuDqRhOuYg
recgCGcD8lFyEGwHs,recmWxFsyR0jVKsd1
recgCGcD8lFyEGwHs,rec0yTqOMdrlDmAgF
recgCGcD8lFyEGwHs,rechSBOBQ26fPHDtJ
recgCGcD8lFyEGwHs,recGjF9cVLYSxNjZA
recgCGcD8lFyEGwHs,recUpB6DlUjKbmF6e
rechnQQOAfSsX240X,recs6QHX3nzdmhJ0O
rechnQQOAfSsX240X,recVqbkOBetG6Tjxy
rechnQQOAfSsX240X,rech67D1hc4JegWpv
rechnQQOAfSsX240X,recHS5KwhmeCDmKxP
recjZGHG6DfMQPKou,recNlgaRuDqRhOuYg
recjZGHG6DfMQPKou,recmWxFsyR0jVKsd1
recjZGHG6DfMQPKou,recQ4gXgy4O4Exs8A
recjZGHG6DfMQPKou,reczzPZ5IvudB4YTF
recjZGHG6DfMQPKou,recYsPuu6hoil6E3Z
recjZGHG6DfMQPKou,rec0yTqOMdrlDmAgF
recjZGHG6DfMQPKou,recrFCubp2Ij0qmYX
recjZGHG6DfMQPKou,rechSBOBQ26fPHDtJ
recjZGHG6DfMQPKou,recGjF9cVLYSxNjZA
recjZGHG6DfMQPKou,recUpB6DlUjKbmF6e
recjZGHG6DfMQPKou,recX47Xe0s4TsW097
recjZGHG6DfMQPKou,recRUzNGqXTlLXHui
recjZGHG6DfMQPKou,recEUGAvAWP6d0N8k
reck0sb6pZGPf6Pcv,recdExkwSnbBgKo2W
reclVhowpUH2K0kGC,recKeLVqpK7rDigqv
recnORDhgZu137T07,recDnBIzHfAQGXeiz
recnORDhgZu137T07,recOe6uwMxe0XqIur
recnORDhgZu137T07,recKmECqmbALFUTnc
recnORDhgZu137T07,recIf3MLz5SrkXGIT
recnORDhgZu137T07,rec2Gx2rQHXnldcSo
recnORDhgZu137T07,rec66PbKKq66EJGyz
recnORDhgZu137T07,reccBtPs4OiV0qhRJ
recnORDhgZu137T07,recMh3Mh92uHwq4Tn
recnORDhgZu137T07,recTPp5YK15TSuzBM
recnORDhgZu137T07,recWdDRWkYVuZXy69
recnORDhgZu137T07,reckZgYyDVRXdHlZz
recnORDhgZu137T07,recAVbLPID7bYWViW
recnORDhgZu137T07,rec2jHB3iTk4wWeor
recnORDhgZu137T07,rec0yTqOMdrlDmAgF
recnORDhgZu137T07,recQ4gXgy4O4Exs8A
recp3tIJYLTYlWUC9,recdExkwSnbBgKo2W
recp3tIJYLTYlWUC9,recEHGkrp4yn7X2SX
recp3tIJYLTYlWUC9,recbHaQy3scZqgZ9h
recpAS0kMe71FDX7H,rec6I3HOHZxZNVlye
recpAS0kMe71FDX7H,recK2k5DgUAhgWwPQ
recpAS0kMe71FDX7H,recCsfnuJdgpHHCdv
recpAS0kMe71FDX7H,recdk8Dmol8YKc70o
recr8EUCcL6AXErv5,recdExkwSnbBgKo2W
recr8EUCcL6AXErv5,recsz2L6wsVveBEPE
recr8EUCcL6AXErv5,rectk3ky5S8zN6PRj
recr8EUCcL6AXErv5,recfazgJnTqODIZ5u
recr8EUCcL6AXErv5,recwFcwp0KfgvEi9m
recr8EUCcL6AXErv5,recSA6AFfYVnyFGT8
recr8EUCcL6AXErv5,reczfFAtR3qoOItmt
recr8EUCcL6AXErv5,rec1M0EaWiLROOYLl
recr8EUCcL6AXErv5,recBa1LTHX8JdtU2a
recr8EUCcL6AXErv5,recLLHJ7SlYK0Kmbc
recr8EUCcL6AXErv5,recwGcgvCgOKfdlSW
recr8EUCcL6AXErv5,recbHaQy3scZqgZ9h
recr8EUCcL6AXErv5,recuwZ3ruwTVH3pBZ
recr8EUCcL6AXErv5,rec0Gvik1HQIP0ZSk
recr8EUCcL6AXErv5,recpLVGBgdRD9GO94
recr8EUCcL6AXErv5,recZMVSncPsS11vXx
recr8EUCcL6AXErv5,rec4FFfTKu1XMdFCy
recr8EUCcL6AXErv5,recFuSV8dg6ZXRroB
recr8EUCcL6AXErv5,recgxTIsesN0FKJHv
recr8EUCcL6AXErv5,recUZL7nR4LYAwgd0
recr8EUCcL6AXErv5,rec788xZprsEF0mmY
recrorEeEiPQqpRog,rec5eApGsx4d5cIUu
recrorEeEiPQqpRog,recuyWXXM3ymqN2UI
recrorEeEiPQqpRog,reci8f0cQgHgNfWsc
recrorEeEiPQqpRog,recLLHJ7SlYK0Kmbc
recrorEeEiPQqpRog,rectCNp2MjYTkB3oW
recrorEeEiPQqpRog,rec0Gvik1HQIP0ZSk
recrorEeEiPQqpRog,recpLVGBgdRD9GO94
recrorEeEiPQqpRog,recPmqdSeugRDFbcz
recrorEeEiPQqpRog,recNTjvHEvFeOztLD
recsfUFnNabPiaNtb,rec0yTqOMdrlDmAgF
recsqVh9ajEU7y6wu,recNd4BgLjq8ZqI9j
recsqVh9ajEU7y6wu,recX47Xe0s4TsW097
recsqVh9ajEU7y6wu,recRUzNGqXTlLXHui
recsqVh9ajEU7y6wu,recnORDhgZu137T07
recsqVh9ajEU7y6wu,recUtexmPBoE47lrU
recsqVh9ajEU7y6wu,recUhv5dwHZwOWlJA
recsqVh9ajEU7y6wu,recb1F2RO3crUfqgm
recuO9pKsegeLkwnA,recSVQfYnBaKbPmmm
recuO9pKsegeLkwnA,recpJi25pQZmfrfH3
recuO9pKsegeLkwnA,recBlbqUxqGfm2dBA
recuO9pKsegeLkwnA,recX47Xe0s4TsW097
recuO9pKsegeLkwnA,recRUzNGqXTlLXHui
recuO9pKsegeLkwnA,recEUGAvAWP6d0N8k
recvQVjSTcYcNAJ8M,rec8RwunmNv7prBsl
recvQVjSTcYcNAJ8M,recSMrgWvRcTjFFe8
recvQVjSTcYcNAJ8M,reclcL2NpcJq4PIEM
recvQVjSTcYcNAJ8M,reclwaMAyyt3V82No
recvQVjSTcYcNAJ8M,recyvuyBDavy0Hpmj
recvQVjSTcYcNAJ8M,recZbj9XmamNL2Jm6
recvQVjSTcYcNAJ8M,recUOKNhq3dOQZs8X
recvQVjSTcYcNAJ8M,rec7lpqOFv1AiwTqH
recvQVjSTcYcNAJ8M,recqGKt7aPvHFx3Bx
recvQVjSTcYcNAJ8M,recWMdB81RpGcSQYj
recvQVjSTcYcNAJ8M,recSA6AFfYVnyFGT8
recvQVjSTcYcNAJ8M,rec01X3COa1ib3US2
recvQVjSTcYcNAJ8M,recljn5BRoIV6HV3j
recvQVjSTcYcNAJ8M,recvq4WYMW4QJ8zqP
recvQVjSTcYcNAJ8M,rechoG8EB9q7hQVBG
recvQVjSTcYcNAJ8M,recM9u9aVmxQnOinB
recvQVjSTcYcNAJ8M,rec9Rgt8FcmgqVKUz
recvQVjSTcYcNAJ8M,recgJZSUEilVsZr7b
recvQVjSTcYcNAJ8M,recwGcgvCgOKfdlSW
recvQVjSTcYcNAJ8M,recLLHJ7SlYK0Kmbc
recvQVjSTcYcNAJ8M,recJZHPDycWrblx7C
recvQVjSTcYcNAJ8M,rec0Gvik1HQIP0ZSk
recvQVjSTcYcNAJ8M,recpLVGBgdRD9GO94
recvQVjSTcYcNAJ8M,recpDeAMWuX5i8s5B
recvRJYY3TpJqrRZ3,recEUGAvAWP6d0N8k
recvs9RNCHJXkT8e7,reckfJd576eju8Ica
recvs9RNCHJXkT8e7,recNM2GpAfPJaWJok
recvs9RNCHJXkT8e7,rec5asNEqoG1RCf1H
recvs9RNCHJXkT8e7,recONXjSG1IY4pNh5
recvs9RNCHJXkT8e7,rec6N3ooAfxW78d73
recvs9RNCHJXkT8e7,reciKDOEEOCnRQoIS
recx371VHQKStvwb5,recGOJfvmhRsxruWe
recx371VHQKStvwb5,recVYfzowsPHKScA1
recx371VHQKStvwb5,recjWF8EkxbjkfMGM
recx371VHQKStvwb5,reciY39uG9irn9rzc
recx371VHQKStvwb5,rec845KmUwDv0Xivb
recx371VHQKStvwb5,recrwv5zPG1KuHyNd
recx371VHQKStvwb5,recXJZHhDrxf1BzFy
recx371VHQKStvwb5,rech67D1hc4JegWpv
recx371VHQKStvwb5,rectQ8UpZOEunD1lq
recx371VHQKStvwb5,reclY9xOPgjriwqpg
recx371VHQKStvwb5,recT7KExKpYmhcCqB
recx371VHQKStvwb5,rec61K4vmojtf1Qe5
recx371VHQKStvwb5,rec26DIXmBDR9i8cm
recx371VHQKStvwb5,recFprEUhKaISlvNZ
recx371VHQKStvwb5,reckSZJHllLomvuON
recx371VHQKStvwb5,recApqdVtmGVY3mM8
recx371VHQKStvwb5,recGRgM7Guvq6wz9r
recx371VHQKStvwb5,rec6criTTs8WTN73X
recx371VHQKStvwb5,recMCtsHRWxxEPNnh
recx371VHQKStvwb5,rec91CWHvjVdmk6yp
recx371VHQKStvwb5,recDW5b2l1un8gW6V
recx371VHQKStvwb5,recguQfS3B7jaIQ1f
recx371VHQKStvwb5,recSa8nLuCcrbjJPK
recx371VHQKStvwb5,rec0Gvik1HQIP0ZSk
recx371VHQKStvwb5,recpLVGBgdRD9GO94
recx371VHQKStvwb5,recDKkceesGI48Apv
recx371VHQKStvwb5,recyD3GOrYIpiWWDq
recx371VHQKStvwb5,rec4KSTkm6g0RIKsh
recx371VHQKStvwb5,rec0yTqOMdrlDmAgF
recx371VHQKStvwb5,reczzPZ5IvudB4YTF
recx371VHQKStvwb5,recrFCubp2Ij0qmYX
recx371VHQKStvwb5,recIXorrMBvEaoBql
recx371VHQKStvwb5,recNd4BgLjq8ZqI9j
recxprVeU0IMAbOUh,recFUQgoxPaRY1XjF
recxprVeU0IMAbOUh,recbHaQy3scZqgZ9h
recxprVeU0IMAbOUh,recPmqdSeugRDFbcz
recy1F4Lu0UIKSj03,recKeLVqpK7rDigqv
recz1PzcbH6KU0XXM,recQX4OOOWeSK16vs
recz1PzcbH6KU0XXM,reckZgYyDVRXdHlZz
rec0khZwUsbOnvQzG,reckZgYyDVRXdHlZz
rec0rWwW4wqbdIOye,reckZgYyDVRXdHlZz
rec0yVB289WkfND0B,recToIhlC6OiUtcuZ
rec1ItqBsZHEiDOJe,reckZgYyDVRXdHlZz
rec1ak8fPVy6Ncgdf,recSa8nLuCcrbjJPK
rec26DIXmBDR9i8cm,recIXorrMBvEaoBql
rec2AnqGqzIKF67dJ,reckZgYyDVRXdHlZz
rec2FFjKLH8uF8eSJ,reckZgYyDVRXdHlZz
rec2Gx2rQHXnldcSo,reckZgYyDVRXdHlZz
rec2Gx2rQHXnldcSo,recAVbLPID7bYWViW
rec2c46nBRUV1kqC9,reckZgYyDVRXdHlZz
rec2o8vyPfUnseFPT,recFW2Sudmks7GPsG
rec38mTMbPNxn403Q,recM9u9aVmxQnOinB
rec392t5w4xH3T9zt,rec1M0EaWiLROOYLl
rec3xKuRhP88L1ARA,reckZgYyDVRXdHlZz
rec3z5AEbN0t2K6Wl,recKhpvI4GeAv3q3h
rec435DVVFfIfgclk,reckZgYyDVRXdHlZz
rec5MDOFGcJJCtdLf,reckZgYyDVRXdHlZz
rec5XJKeMObUkwEEW,reckZgYyDVRXdHlZz
rec5asNEqoG1RCf1H,rec7FCXpdYFWxC6Ut
rec5asNEqoG1RCf1H,rec4FFfTKu1XMdFCy
rec5asNEqoG1RCf1H,recDKkceesGI48Apv
rec5asNEqoG1RCf1H,reczLPA5WlTcMU2KE
rec5eApGsx4d5cIUu,rectCNp2MjYTkB3oW
rec5eApGsx4d5cIUu,recKeLVqpK7rDigqv
rec5rADI2ckTuykwK,recWtYN980TjKsr9V
rec61K4vmojtf1Qe5,recIXorrMBvEaoBql
rec66PbKKq66EJGyz,recQ4gXgy4O4Exs8A
rec6I69nqKNZypzaq,recLLHJ7SlYK0Kmbc
rec6I69nqKNZypzaq,recKeLVqpK7rDigqv
rec6N3ooAfxW78d73,reczLPA5WlTcMU2KE
rec6N3ooAfxW78d73,recDKkceesGI48Apv
rec6N3ooAfxW78d73,rec7FCXpdYFWxC6Ut
rec6c9iQyqvxASOht,reckZgYyDVRXdHlZz
rec6criTTs8WTN73X,recSa8nLuCcrbjJPK
rec6mzFrkxadIJ37Z,recdqqiHIxoEgnVKQ
rec6mzFrkxadIJ37Z,rec1bIAxEXG8fKnRN
rec6vKPqqFhaO834s,reckZgYyDVRXdHlZz
rec7VJsTCKDUrTyBN,reckZgYyDVRXdHlZz
rec7XXsi291uI6X89,reckZgYyDVRXdHlZz
rec7jsTB8p8ccYK58,reckZgYyDVRXdHlZz
rec8JgItgYg3iythu,reckZgYyDVRXdHlZz
rec8RwunmNv7prBsl,rec01X3COa1ib3US2
rec8UZWC14FFgiYvQ,reckZgYyDVRXdHlZz
rec8VN2V30bBRLG2O,reckZgYyDVRXdHlZz
rec8lXN2nSmgeFH3m,recNTjvHEvFeOztLD
rec8wMdoqviiyxqKi,reckZgYyDVRXdHlZz
rec8wMdoqviiyxqKi,recFT2WbD2quLLhok
rec8wMdoqviiyxqKi,reca9p24vL7qcPxyL
rec8xzEyL969tudGM,reckZgYyDVRXdHlZz
rec8zUUk7RCinTTuo,reckZgYyDVRXdHlZz
rec91CWHvjVdmk6yp,recSa8nLuCcrbjJPK
rec95VUg8kOaUfiVp,reckZgYyDVRXdHlZz
rec963c3KYAIPPvdN,reckZgYyDVRXdHlZz
rec988XxnGWBp5l2L,rec01X3COa1ib3US2
rec988XxnGWBp5l2L,recpDeAMWuX5i8s5B
rec9Aqsr6bOwTUfaZ,reckZgYyDVRXdHlZz
rec9X7m6mjyNHCA9L,rec01X3COa1ib3US2
rec9X7m6mjyNHCA9L,recpDeAMWuX5i8s5B
rec9X7m6mjyNHCA9L,rec5mqjEehIng333x
rec9YJ3oYz3HDcSxn,recdVMUaCoXacskEC
rec9YJ3oYz3HDcSxn,reczk3WQep4cK6eu4
rec9rAFAED0ltRfza,reckZgYyDVRXdHlZz
recAlzkfykRoIqMLo,recLLHJ7SlYK0Kmbc
recAlzkfykRoIqMLo,recwGcgvCgOKfdlSW
recAlzkfykRoIqMLo,recKeLVqpK7rDigqv
recAlzkfykRoIqMLo,recFuSV8dg6ZXRroB
recAlzkfykRoIqMLo,recgxTIsesN0FKJHv
recApqdVtmGVY3mM8,recSa8nLuCcrbjJPK
recAydgiVLvkmN7Hh,recDKkceesGI48Apv
recBCgYXbhibfsnNX,reckZgYyDVRXdHlZz
recBE883zag6YxHr0,reckZgYyDVRXdHlZz
recBlbqUxqGfm2dBA,recXDLr7ReAyTCdVD
recC2zYbGkIyVDkPZ,reckZgYyDVRXdHlZz
recC3DOxtnkTXYoYU,reckZgYyDVRXdHlZz
recCGapFwOHSloHAt,recdVMUaCoXacskEC
recCH2uv5DSbtcyem,reckZgYyDVRXdHlZz
recCwT1KzYM0H4CWu,recEUbWVhGIP93Zr1
recDCH36CVs5ujrIP,reckZgYyDVRXdHlZz
recDW5b2l1un8gW6V,recSa8nLuCcrbjJPK
recDefSIzciVfrACx,reckZgYyDVRXdHlZz
recDnBIzHfAQGXeiz,reckZgYyDVRXdHlZz
recDnBIzHfAQGXeiz,rec2jHB3iTk4wWeor
recE5iVkVJaCmK7EW,reckZgYyDVRXdHlZz
recEC4Phebu71M9eT,recWtYN980TjKsr9V
recEC4Phebu71M9eT,recjjUpHwbaEN3AAl
recEC4Phebu71M9eT,recwBSveH68VaBrtv
recEC4Phebu71M9eT,recW4PLc2vhDH7ZmL
recEC4Phebu71M9eT,recyrKCVAUMKuZrr2
recEC4Phebu71M9eT,recAwZ7RT5u8CTAO6
recEJ6UAnu6rXIPLJ,reckZgYyDVRXdHlZz
recERSXdVUfDOauRI,reckZgYyDVRXdHlZz
recESx5JWiio0XQgh,reckZgYyDVRXdHlZz
recEd2fhng2MaECn4,recdWGkcxeMC8Lk68
recEqtCtkoYlT6qBU,reckZgYyDVRXdHlZz
recEqtCtkoYlT6qBU,recvMqV8NMJIv9WHt
recF46elNbZScx4AA,reckZgYyDVRXdHlZz
recF4PXiwD9q8w2Kk,reckZgYyDVRXdHlZz
recF4PXiwD9q8w2Kk,recFT2WbD2quLLhok
recF4PXiwD9q8w2Kk,reca9p24vL7qcPxyL
recFHPJcHLhSDXA8O,reckZgYyDVRXdHlZz
recFUQgoxPaRY1XjF,recEUbWVhGIP93Zr1
recFURH2RHcw3976B,rec3EPzGnE964H1Gv
recFURH2RHcw3976B,recFT2WbD2quLLhok
recFfQEn1zu9cQAzd,recNTjvHEvFeOztLD
recFprEUhKaISlvNZ,recIXorrMBvEaoBql
recFt7uca2ZtqVxjq,reckZgYyDVRXdHlZz
recGAHopS6j5bFdPU,reckZgYyDVRXdHlZz
recGAHopS6j5bFdPU,reccC6ahMjXe8GqRX
recGAHopS6j5bFdPU,recXDLr7ReAyTCdVD
recGOJfvmhRsxruWe,reckZgYyDVRXdHlZz
recGOJfvmhRsxruWe,recSa8nLuCcrbjJPK
recGOJfvmhRsxruWe,recNd4BgLjq8ZqI9j
recGRgM7Guvq6wz9r,recSa8nLuCcrbjJPK
recGTf0BDZ6diglWM,recI3s8kMpMHQhzFG
recGnXSoMu7e9EbIC,reckZgYyDVRXdHlZz
recGp6yKq1qQqM7XX,reckZgYyDVRXdHlZz
recGvU9KZrFnt6jXc,recEUbWVhGIP93Zr1
recH1jXIOtzVfQBzz,reckZgYyDVRXdHlZz
recHLjHW16qaaf1Me,reckZgYyDVRXdHlZz
recHfneI4G9KZA3vC,reckZgYyDVRXdHlZz
recHtGtDHHqv5VNN0,reckZgYyDVRXdHlZz
recIK1uqY7lJCfTMf,reckZgYyDVRXdHlZz
recIYyAZQh2f6R4EG,reckZgYyDVRXdHlZz
recIbyDsi651H5NvH,reckZgYyDVRXdHlZz
recIf3MLz5SrkXGIT,rec2jHB3iTk4wWeor
recJ02R3Xoi71HA5u,rec01X3COa1ib3US2
recJ02R3Xoi71HA5u,recD1hXCDlWEN9LpS
recJl5jil9st58Tfy,reckZgYyDVRXdHlZz
recJl5jil9st58Tfy,recvMqV8NMJIv9WHt
recJoXpgWn0lsYw58,reckZgYyDVRXdHlZz
recJsLx2nBhXqLT1w,recEUbWVhGIP93Zr1
recKEnwID2Lb3ItYl,reckZgYyDVRXdHlZz
recKGzxcUXRcjvcm6,reckZgYyDVRXdHlZz
recKYFk88RB3PcoMw,recSa8nLuCcrbjJPK
recKmECqmbALFUTnc,reckZgYyDVRXdHlZz
recKsEr6hclTJg1Jy,reckZgYyDVRXdHlZz
recKuCOMpUScxFyG5,recBU1Zj7sKmfUmgL
recLcwEKY41ui4Jn0,recdVMUaCoXacskEC
recLhbFTZmuzT0EZV,reckZgYyDVRXdHlZz
recLhbFTZmuzT0EZV,recT2sQE63hj8mfm8
recLiChuMDluRk5ie,reckZgYyDVRXdHlZz
recLpEvOrUGy6Tjid,reckZgYyDVRXdHlZz
recLvU148dCETNhwM,recBh2WToOK2NwOwY
recLvU148dCETNhwM,reczLPA5WlTcMU2KE
recLvU148dCETNhwM,recXQqmW2tUfJEFMJ
recLvU148dCETNhwM,recKeLVqpK7rDigqv
recM00oXy2Ku95DQk,recWtYN980TjKsr9V
recMCtsHRWxxEPNnh,recSa8nLuCcrbjJPK
recMfV4e4VbPIfgtW,reckZgYyDVRXdHlZz
recMgz4XfzIei6aiz,recdVMUaCoXacskEC
recMh3Mh92uHwq4Tn,recQ4gXgy4O4Exs8A
recN1NXDQbH1OUDV7,recKeLVqpK7rDigqv
recN1NXDQbH1OUDV7,recFW2Sudmks7GPsG
recN1NXDQbH1OUDV7,recFuSV8dg6ZXRroB
recN4PZTHRA9aOObR,reckZgYyDVRXdHlZz
recNM2GpAfPJaWJok,rec7FCXpdYFWxC6Ut
recNM2GpAfPJaWJok,rec4FFfTKu1XMdFCy
recNM2GpAfPJaWJok,reczLPA5WlTcMU2KE
recNM2GpAfPJaWJok,recDKkceesGI48Apv
recNdWMeYXjDvqO65,reckZgYyDVRXdHlZz
recNhCEFsCCpfKqRy,reckZgYyDVRXdHlZz
recNlgaRuDqRhOuYg,rechSBOBQ26fPHDtJ
recO23MnJ2WDWyz9R,reckZgYyDVRXdHlZz
recOMd0uGVnzx3nZ1,reckZgYyDVRXdHlZz
recONXjSG1IY4pNh5,recDKkceesGI48Apv
recONXjSG1IY4pNh5,reczLPA5WlTcMU2KE
recONXjSG1IY4pNh5,rec7FCXpdYFWxC6Ut
recOe6uwMxe0XqIur,reckZgYyDVRXdHlZz
recP7uiUASeKYOrYw,reckZgYyDVRXdHlZz
recPQHgCaik70E1Ab,recyMDB2ApWjDD9hm
recPQHgCaik70E1Ab,recI3s8kMpMHQhzFG
recPfXkFdPTgrXNxi,reckZgYyDVRXdHlZz
recQ4sTmknRbonPxW,rec9uI9hHe952yQag
recQ8LcdqPwFTU7vU,recdVMUaCoXacskEC
recQ8LcdqPwFTU7vU,rec2Wc5VlpSCz94Ss
recQ8LcdqPwFTU7vU,recAwZ7RT5u8CTAO6
recQaNXi2nlJNLDkZ,reckZgYyDVRXdHlZz
recR0OUXVz0ufih2h,recPmqdSeugRDFbcz
recR0OUXVz0ufih2h,rectCNp2MjYTkB3oW
recR0OUXVz0ufih2h,recIBW1uwIau2sfXf
recR3hAX0SP21PTmy,reckZgYyDVRXdHlZz
recR3hAX0SP21PTmy,recDXbQipLWLExmmt
recRTVkOTM58dQnmp,reckZgYyDVRXdHlZz
recRU3wabvKcAplHx,reckZgYyDVRXdHlZz
recRU3wabvKcAplHx,recDXbQipLWLExmmt
recRU3wabvKcAplHx,recIvG0zExuSVOSKP
recRddK7Mw2Wd7tJH,reckZgYyDVRXdHlZz
recS0r9SzsjHVcteJ,reckZgYyDVRXdHlZz
recSA6AFfYVnyFGT8,reczLPA5WlTcMU2KE
recSA6AFfYVnyFGT8,recDKkceesGI48Apv
recSMrgWvRcTjFFe8,rec01X3COa1ib3US2
recSMrgWvRcTjFFe8,recljn5BRoIV6HV3j
recSMrgWvRcTjFFe8,recvq4WYMW4QJ8zqP
recSMrgWvRcTjFFe8,recpDeAMWuX5i8s5B
recSMrgWvRcTjFFe8,recD1hXCDlWEN9LpS
recSVQfYnBaKbPmmm,reccC6ahMjXe8GqRX
recSf5xxwYYK38Itw,reckZgYyDVRXdHlZz
recT7KExKpYmhcCqB,recIXorrMBvEaoBql
recTHRy5x0tRBeynq,reckZgYyDVRXdHlZz
recTMg8zhx1SxYpFD,reckZgYyDVRXdHlZz
recTPp5YK15TSuzBM,recQ4gXgy4O4Exs8A
recUOKNhq3dOQZs8X,rec01X3COa1ib3US2
recUOKNhq3dOQZs8X,recJZHPDycWrblx7C
recUOKNhq3dOQZs8X,recpDeAMWuX5i8s5B
recUOKNhq3dOQZs8X,rec5mqjEehIng333x
recUm8VvTOetYVNLE,rec3EPzGnE964H1Gv
recUsFu1aejG5Aczi,reckZgYyDVRXdHlZz
recUyqCXGzQFFCvn6,reckZgYyDVRXdHlZz
recVTFSE9G90kocK0,recdqqiHIxoEgnVKQ
recVTFSE9G90kocK0,rec1bIAxEXG8fKnRN
recVYfzowsPHKScA1,recSa8nLuCcrbjJPK
recVYfzowsPHKScA1,receNYUuIKsJPXKko
recVpPsPsIjpcGaCW,reckZgYyDVRXdHlZz
recW26SDMDqQgwAgB,reckZgYyDVRXdHlZz
recWCBnnCMFkFKhvx,reckZgYyDVRXdHlZz
recWcsfxdU4TZMQPB,reckZgYyDVRXdHlZz
recWcsfxdU4TZMQPB,recUcTWKS1tRCyvdS
recWdDRWkYVuZXy69,recQ4gXgy4O4Exs8A
recWeXcZCBu9AzNjl,reckZgYyDVRXdHlZz
recWfofJinmfiMf4L,reckZgYyDVRXdHlZz
recWk7HqeWlYNBgB1,reckZgYyDVRXdHlZz
recXJZHhDrxf1BzFy,recSa8nLuCcrbjJPK
recXTlYPUHIRqYw7o,reckZgYyDVRXdHlZz
recXVXILYWbRXuWrP,reckZgYyDVRXdHlZz
recXavWDBvYyPWRe0,recyMDB2ApWjDD9hm
recXgW0jibbcH527M,reckZgYyDVRXdHlZz
recY6riabTL1gT2te,reckZgYyDVRXdHlZz
recYSRZmcVInGkpzE,recLLHJ7SlYK0Kmbc
recYSRZmcVInGkpzE,recKeLVqpK7rDigqv
recYdlRjB8Boh19B3,reckZgYyDVRXdHlZz
recYpi8Z8UtWly7V9,reckZgYyDVRXdHlZz
recZ3x1F92Ki8XRbw,recbeD3tETdHeQjYl
recZ3x1F92Ki8XRbw,recFW2Sudmks7GPsG
recZMOW3uqKAK3GTd,reckZgYyDVRXdHlZz
recZYyor6HzW9wFGc,reckZgYyDVRXdHlZz
recZbj9XmamNL2Jm6,rec01X3COa1ib3US2
recZbj9XmamNL2Jm6,recLLHJ7SlYK0Kmbc
recZbj9XmamNL2Jm6,recwGcgvCgOKfdlSW
recZbj9XmamNL2Jm6,recpDeAMWuX5i8s5B
recZbj9XmamNL2Jm6,recgxTIsesN0FKJHv
recZbj9XmamNL2Jm6,rec5mqjEehIng333x
recZif79ltgDWIyVA,reckZgYyDVRXdHlZz
recaAgC5stvlI5Xcm,reckZgYyDVRXdHlZz
recaE2lfDoKu5cbyL,recyMDB2ApWjDD9hm
recaZurZ22uuyiXVj,reckZgYyDVRXdHlZz
recavTymyF5X6mPFA,reckZgYyDVRXdHlZz
recb0aOx2WbBqfkkw,recEUbWVhGIP93Zr1
recbN5bhywL49KKIp,reckZgYyDVRXdHlZz
recbT6vtmciT1joG9,recFW2Sudmks7GPsG
recbT6vtmciT1joG9,recjjUpHwbaEN3AAl
recbT6vtmciT1joG9,recAwZ7RT5u8CTAO6
recbn7imrG2fVG2zI,reckZgYyDVRXdHlZz
reccBtPs4OiV0qhRJ,recQ4gXgy4O4Exs8A
recd9Lh6DKvc8N8Qk,reckZgYyDVRXdHlZz
recdExkwSnbBgKo2W,recBa1LTHX8JdtU2a
recdExkwSnbBgKo2W,rec788xZprsEF0mmY
recdExkwSnbBgKo2W,recjjUpHwbaEN3AAl
recdExkwSnbBgKo2W,receNYUuIKsJPXKko
recdlvQdb8slHiPxt,recFuSV8dg6ZXRroB
recdlvQdb8slHiPxt,recKqi2nE1q8uLwuC
recdlvQdb8slHiPxt,reckaCaLs4LSeR2f0
recdlvQdb8slHiPxt,recPIvAPvwquT3GrJ
recdsR5NQWqDGy87m,recFW2Sudmks7GPsG
rece1DJVWxx8R9VYI,reckZgYyDVRXdHlZz
rece8PRRn8kJhQLYg,reckZgYyDVRXdHlZz
receJEi7dj67aesho,recEUbWVhGIP93Zr1
receYAIz4CehhJ5Jh,reckZgYyDVRXdHlZz
recexxdHR93jJMsD6,recwGcgvCgOKfdlSW
recexxdHR93jJMsD6,rec01X3COa1ib3US2
recexxdHR93jJMsD6,recpDeAMWuX5i8s5B
recf0anAA4kiaaPCh,reckZgYyDVRXdHlZz
recfHXwOLNmUZnS0H,reckZgYyDVRXdHlZz
recg8Ko1wF4Eh3ZU2,reckZgYyDVRXdHlZz
recgW6jAJUlMb8AZS,reckZgYyDVRXdHlZz
recgmkLG5b2lYCtTD,reckZgYyDVRXdHlZz
recguQfS3B7jaIQ1f,recSa8nLuCcrbjJPK
rech1Agxr8JK0CuSf,reccmveZLCCb1lfMH
rech67D1hc4JegWpv,recSa8nLuCcrbjJPK
rechZxqCAyrzD87Nw,recbeD3tETdHeQjYl
rechZxqCAyrzD87Nw,recFW2Sudmks7GPsG
rechZxqCAyrzD87Nw,recXQqmW2tUfJEFMJ
rechZxqCAyrzD87Nw,recAFIjGpP4WcqHsn
rechZxqCAyrzD87Nw,recCIBmd3pHaIyYVn
rechZxqCAyrzD87Nw,recjjUpHwbaEN3AAl
rechZxqCAyrzD87Nw,rec2R7apxtHpfPFtw
rechlArA8Xu3FTJyt,reckZgYyDVRXdHlZz
rechnXyPCh39EGZBv,reckZgYyDVRXdHlZz
rechrDskBovBPa1qj,reckZgYyDVRXdHlZz
rechrEJCmT5QRUfps,rec01X3COa1ib3US2
rechrEJCmT5QRUfps,recpDeAMWuX5i8s5B
rechualO0nYfjkcsI,reckZgYyDVRXdHlZz
rechy7JrcfWWJyf9Y,reckZgYyDVRXdHlZz
reci8f0cQgHgNfWsc,rectCNp2MjYTkB3oW
reciKDOEEOCnRQoIS,recDKkceesGI48Apv
reciKDOEEOCnRQoIS,reczLPA5WlTcMU2KE
reciY39uG9irn9rzc,recAwZ7RT5u8CTAO6
reciY39uG9irn9rzc,recwBSveH68VaBrtv
reciY39uG9irn9rzc,rec6J9QKuJjogKvno
recijKohF0rCbR3ml,recbeD3tETdHeQjYl
recijKohF0rCbR3ml,recFW2Sudmks7GPsG
recimwjzxk7udMvT5,reckZgYyDVRXdHlZz
recj9H1vAj6iK4AwH,recdVMUaCoXacskEC
recj9H1vAj6iK4AwH,recAwZ7RT5u8CTAO6
recjVaXGyIeUjiPfJ,recSa8nLuCcrbjJPK
recjdVk2bgHEIsg0N,reckZgYyDVRXdHlZz
recjfj0wG8uzociu3,reckZgYyDVRXdHlZz
recjjDfKqgZWy2cub,reckZgYyDVRXdHlZz
recjp8hoNSeWZh0tm,reckZgYyDVRXdHlZz
reck2jFLhgMpl0DiM,recLLHJ7SlYK0Kmbc
reck5PUfhr2JJD61x,reckZgYyDVRXdHlZz
reckSZJHllLomvuON,recSa8nLuCcrbjJPK
reckfJd576eju8Ica,rec7FCXpdYFWxC6Ut
reckfJd576eju8Ica,rec4FFfTKu1XMdFCy
reckfJd576eju8Ica,recDKkceesGI48Apv
reckfJd576eju8Ica,reczLPA5WlTcMU2KE
reckuuoT1ea8g1MxS,reckZgYyDVRXdHlZz
reckzz4T0iAWYHqIU,reckZgYyDVRXdHlZz
recl7nzMJhQCHrIDv,reckZgYyDVRXdHlZz
reclY9xOPgjriwqpg,recIXorrMBvEaoBql
reclcL2NpcJq4PIEM,rec01X3COa1ib3US2
reclcL2NpcJq4PIEM,recljn5BRoIV6HV3j
reclcL2NpcJq4PIEM,recvq4WYMW4QJ8zqP
reclcL2NpcJq4PIEM,recLLHJ7SlYK0Kmbc
reclcL2NpcJq4PIEM,recgJZSUEilVsZr7b
reclcL2NpcJq4PIEM,recKeLVqpK7rDigqv
reclcL2NpcJq4PIEM,recpDeAMWuX5i8s5B
reclcL2NpcJq4PIEM,recFuSV8dg6ZXRroB
reclcL2NpcJq4PIEM,rec5mqjEehIng333x
reclcL2NpcJq4PIEM,recD1hXCDlWEN9LpS
recleJuEctKkIV9sW,reckZgYyDVRXdHlZz
reclw9M2iHHMIOiXD,recdVMUaCoXacskEC
reclwaMAyyt3V82No,recLLHJ7SlYK0Kmbc
reclwaMAyyt3V82No,recM9u9aVmxQnOinB
recmWxFsyR0jVKsd1,recGjF9cVLYSxNjZA
recmY9pe47dpYaVp8,reco0xCFRuRwPM9FB
recn6mYMjWhuZ9RDF,reckZgYyDVRXdHlZz
recnJlkDbOqqwyaOq,reckZgYyDVRXdHlZz
recnZ2rdxHXwZH5GL,recdVMUaCoXacskEC
recnwYt4fuqjJMRmD,reckZgYyDVRXdHlZz
recnwYt4fuqjJMRmD,recUcTWKS1tRCyvdS
recnzllCBQ2Fm0Qwy,reckZgYyDVRXdHlZz
recoBvWulemhshm0Y,reckZgYyDVRXdHlZz
recoTw0hQ3VeYzsar,reckZgYyDVRXdHlZz
recozzps4y4JaVkAT,reckZgYyDVRXdHlZz
recp13axHS5NqQeJ6,reckZgYyDVRXdHlZz
recp3s3taJhhePHA9,reckZgYyDVRXdHlZz
recp3s3taJhhePHA9,recUcTWKS1tRCyvdS
recpJi25pQZmfrfH3,recXDLr7ReAyTCdVD
recpaQx6qfGAzx6yS,reckZgYyDVRXdHlZz
recptQCXLMw8mfRxG,reckZgYyDVRXdHlZz
recpyMTHnGmHU3JWM,reckZgYyDVRXdHlZz
recq1ak9WmTuKw4EL,reckZgYyDVRXdHlZz
recqX1rStZSoCx8ic,reckZgYyDVRXdHlZz
recqX1rStZSoCx8ic,rec2R7apxtHpfPFtw
recqrgYxJEpCfHnTh,reckZgYyDVRXdHlZz
recqs0xfEdEhNKO8o,reckZgYyDVRXdHlZz
recrYD0A0dlEXKewp,reckZgYyDVRXdHlZz
recrYMOtkdvpzZVdd,reckZgYyDVRXdHlZz
recrfnYxGWr7NeJfL,reckZgYyDVRXdHlZz
recriwDB78QmRO9d3,reckZgYyDVRXdHlZz
recrqebCVdjiiZVXd,reckZgYyDVRXdHlZz
recrwv5zPG1KuHyNd,recSa8nLuCcrbjJPK
recsTZnIaDhmlBwZx,reckZgYyDVRXdHlZz
recsTZnIaDhmlBwZx,recAwZ7RT5u8CTAO6
recsc2F8E3WolMJ0E,reckZgYyDVRXdHlZz
recsdjczt4g0Nmlwr,recI3s8kMpMHQhzFG
recssZNndLdpR2MUV,reckZgYyDVRXdHlZz
recsyMyKbAZERJeRf,reckZgYyDVRXdHlZz
recsz2L6wsVveBEPE,rec1M0EaWiLROOYLl
recsz2L6wsVveBEPE,recjjUpHwbaEN3AAl
recsz2L6wsVveBEPE,receNYUuIKsJPXKko
rectQ8UpZOEunD1lq,recIXorrMBvEaoBql
rectU5UGbLWsBvFkB,reckZgYyDVRXdHlZz
rectXvUfDcUuHJhhP,reckZgYyDVRXdHlZz
recuRtuiPhhryyCJK,recbHIm42ui1cCz8q
recufoKSYCp2JXgba,reckZgYyDVRXdHlZz
recuyWXXM3ymqN2UI,rectCNp2MjYTkB3oW
recuyWXXM3ymqN2UI,recKeLVqpK7rDigqv
recv0Ev5rmf9l9Kns,reckZgYyDVRXdHlZz
recvL7jGvr3zJbgTU,reckZgYyDVRXdHlZz
recvMDD1RgNnIYbOg,rec01X3COa1ib3US2
recvMDD1RgNnIYbOg,recD1hXCDlWEN9LpS
recvY7jKoylvUrX2e,reckZgYyDVRXdHlZz
recvdlO5WklWaE0pl,reckZgYyDVRXdHlZz
recvoMRWl6qImX2j5,reckZgYyDVRXdHlZz
recwi8YALhRavaT9w,reckZgYyDVRXdHlZz
recwlBOqkAWH1Ysnj,reckZgYyDVRXdHlZz
recwlFaCZn3IQvgAu,reckZgYyDVRXdHlZz
recwufjFZoPRa6Pkk,reckZgYyDVRXdHlZz
recwvxDjFTkSTlORJ,reckZgYyDVRXdHlZz
recwx0ONF2QGMOtwZ,reckZgYyDVRXdHlZz
recxQK3GHfEnfxoNk,recdqqiHIxoEgnVKQ
recxQK3GHfEnfxoNk,rec1bIAxEXG8fKnRN
recxU8nLete1LZIcy,recFW2Sudmks7GPsG
recxZvU5DDma6k6Ld,reckZgYyDVRXdHlZz
recxj7ZjfkzOTIy6e,reckZgYyDVRXdHlZz
recyRJMzF6obZMsb1,reckZgYyDVRXdHlZz
recymH7s3r4WCMKZo,reckZgYyDVRXdHlZz
recyvuyBDavy0Hpmj,recLLHJ7SlYK0Kmbc
recyvuyBDavy0Hpmj,rectCNp2MjYTkB3oW
reczGzyixkANKbKeI,reckZgYyDVRXdHlZz
reczIer2VNhu7YZ1X,recbxmzOfBolIAEp6
reczU7i1bLcPC4We9,recdVMUaCoXacskEC
reczlhXXoTsTfL05S,reckZgYyDVRXdHlZz
reczr3BNd66bk1zZH,reckZgYyDVRXdHlZz
rec1lq2rOCs7kr8c4,recXDLr7ReAyTCdVD
rec1lq2rOCs7kr8c4,reccC6ahMjXe8GqRX
rec2R7apxtHpfPFtw,recbeD3tETdHeQjYl
rec2R7apxtHpfPFtw,recFW2Sudmks7GPsG
rec2R7apxtHpfPFtw,recM9u9aVmxQnOinB
rec2R7apxtHpfPFtw,rec01X3COa1ib3US2
rec2R7apxtHpfPFtw,recpLVGBgdRD9GO94
rec2R7apxtHpfPFtw,recqX1rStZSoCx8ic
rec2R7apxtHpfPFtw,rechZxqCAyrzD87Nw
rec2Wc5VlpSCz94Ss,recdVMUaCoXacskEC
rec2Wc5VlpSCz94Ss,recQ8LcdqPwFTU7vU
rec5mqjEehIng333x,rec01X3COa1ib3US2
rec5mqjEehIng333x,recJZHPDycWrblx7C
rec5mqjEehIng333x,reclcL2NpcJq4PIEM
rec5mqjEehIng333x,recZbj9XmamNL2Jm6
rec5mqjEehIng333x,recUOKNhq3dOQZs8X
rec5mqjEehIng333x,rec9X7m6mjyNHCA9L
rec64XQkKUJ9mxNGG,rec9yzONdGRJQvYXQ
rec64XQkKUJ9mxNGG,recxfICUmP5qvtKM1
rec64XQkKUJ9mxNGG,rec9uI9hHe952yQag
rec6J9QKuJjogKvno,reccC6ahMjXe8GqRX
rec6J9QKuJjogKvno,recXDLr7ReAyTCdVD
rec6J9QKuJjogKvno,reciY39uG9irn9rzc
rec6ZTPMvGYdp2MFI,recXDLr7ReAyTCdVD
rec6ZTPMvGYdp2MFI,reccC6ahMjXe8GqRX
rec6hT503mEG2BNYa,recNTjvHEvFeOztLD
rec9ETwjJkJUWkZFc,rec0yTqOMdrlDmAgF
recAwZ7RT5u8CTAO6,recFW2Sudmks7GPsG
recAwZ7RT5u8CTAO6,recbeD3tETdHeQjYl
recAwZ7RT5u8CTAO6,recbxmzOfBolIAEp6
recAwZ7RT5u8CTAO6,recDKkceesGI48Apv
recAwZ7RT5u8CTAO6,reczLPA5WlTcMU2KE
recAwZ7RT5u8CTAO6,recQeU5dMI9jFuUjo
recAwZ7RT5u8CTAO6,reciY39uG9irn9rzc
recAwZ7RT5u8CTAO6,recQ8LcdqPwFTU7vU
recAwZ7RT5u8CTAO6,recsTZnIaDhmlBwZx
recAwZ7RT5u8CTAO6,recj9H1vAj6iK4AwH
recAwZ7RT5u8CTAO6,recbT6vtmciT1joG9
recAwZ7RT5u8CTAO6,recEC4Phebu71M9eT
recCAukGIG2S0fz0a,recyMDB2ApWjDD9hm
recD1hXCDlWEN9LpS,rec01X3COa1ib3US2
recD1hXCDlWEN9LpS,recwGcgvCgOKfdlSW
recD1hXCDlWEN9LpS,recvq4WYMW4QJ8zqP
recD1hXCDlWEN9LpS,recJZHPDycWrblx7C
recD1hXCDlWEN9LpS,recvMDD1RgNnIYbOg
recD1hXCDlWEN9LpS,recJ02R3Xoi71HA5u
recD1hXCDlWEN9LpS,recSMrgWvRcTjFFe8
recD1hXCDlWEN9LpS,reclcL2NpcJq4PIEM
recDXbQipLWLExmmt,rec3EPzGnE964H1Gv
recDXbQipLWLExmmt,rec0IfpZ42QZ0xosH
recDXbQipLWLExmmt,recR3hAX0SP21PTmy
recDXbQipLWLExmmt,recRU3wabvKcAplHx
recDqpT7pbepDcUCK,recdVMUaCoXacskEC
recEtbWMbm1X7MZGO,recuwZ3ruwTVH3pBZ
recFDJjYl6pV2Tdpw,rec0Gvik1HQIP0ZSk
recFDJjYl6pV2Tdpw,recpLVGBgdRD9GO94
recFT2WbD2quLLhok,reckZgYyDVRXdHlZz
recFT2WbD2quLLhok,rec8wMdoqviiyxqKi
recFT2WbD2quLLhok,recF4PXiwD9q8w2Kk
recFT2WbD2quLLhok,recFURH2RHcw3976B
recHuaPg0zUuPVZT3,recdWGkcxeMC8Lk68
recIBW1uwIau2sfXf,rectCNp2MjYTkB3oW
recIBW1uwIau2sfXf,recLLHJ7SlYK0Kmbc
recIBW1uwIau2sfXf,recR0OUXVz0ufih2h
recIvG0zExuSVOSKP,rec3EPzGnE964H1Gv
recIvG0zExuSVOSKP,rec0IfpZ42QZ0xosH
recIvG0zExuSVOSKP,recRU3wabvKcAplHx
recKpYwaD7WOSB3IP,recNTjvHEvFeOztLD
recO0smqivM5smLl1,recXDLr7ReAyTCdVD
recONT7kviUIq4LbT,rec0Gvik1HQIP0ZSk
recPVuHaCXLany5c7,recToIhlC6OiUtcuZ
recPVuHaCXLany5c7,recdVMUaCoXacskEC
recPVuHaCXLany5c7,recQn4o3tVK9NDhqj
recPVuHaCXLany5c7,recbHIm42ui1cCz8q
recPVuHaCXLany5c7,recGFXFftmRif4hcp
recT2sQE63hj8mfm8,reckZgYyDVRXdHlZz
recT2sQE63hj8mfm8,recLhbFTZmuzT0EZV
recUQUYrhZgLPQC3l,recdVMUaCoXacskEC
recUcTWKS1tRCyvdS,reckZgYyDVRXdHlZz
recUcTWKS1tRCyvdS,recWcsfxdU4TZMQPB
recUcTWKS1tRCyvdS,recnwYt4fuqjJMRmD
recUcTWKS1tRCyvdS,recp3s3taJhhePHA9
recVAFv0N1e3knaG5,recNTjvHEvFeOztLD
recW4PLc2vhDH7ZmL,reccC6ahMjXe8GqRX
recW4PLc2vhDH7ZmL,recyD3GOrYIpiWWDq
recW4PLc2vhDH7ZmL,recrFCubp2Ij0qmYX
recW4PLc2vhDH7ZmL,reczzPZ5IvudB4YTF
recW4PLc2vhDH7ZmL,recGjF9cVLYSxNjZA
recW4PLc2vhDH7ZmL,recEC4Phebu71M9eT
reca9p24vL7qcPxyL,reckZgYyDVRXdHlZz
reca9p24vL7qcPxyL,recF4PXiwD9q8w2Kk
reca9p24vL7qcPxyL,rec8wMdoqviiyxqKi
reccVJHfH4ZRhp772,rec0Gvik1HQIP0ZSk
rece8p5BjNtx0LfkE,recdWGkcxeMC8Lk68
receNYUuIKsJPXKko,rec01X3COa1ib3US2
receNYUuIKsJPXKko,recdExkwSnbBgKo2W
receNYUuIKsJPXKko,recsz2L6wsVveBEPE
receNYUuIKsJPXKko,recVYfzowsPHKScA1
recjDXbrvoCXsgRB9,recNTjvHEvFeOztLD
recjjUpHwbaEN3AAl,recBh2WToOK2NwOwY
recjjUpHwbaEN3AAl,recBa1LTHX8JdtU2a
recjjUpHwbaEN3AAl,recSa8nLuCcrbjJPK
recjjUpHwbaEN3AAl,recDKkceesGI48Apv
recjjUpHwbaEN3AAl,reczLPA5WlTcMU2KE
recjjUpHwbaEN3AAl,recyMDB2ApWjDD9hm
recjjUpHwbaEN3AAl,recsz2L6wsVveBEPE
recjjUpHwbaEN3AAl,recdExkwSnbBgKo2W
recjjUpHwbaEN3AAl,rechZxqCAyrzD87Nw
recjjUpHwbaEN3AAl,recbT6vtmciT1joG9
recjjUpHwbaEN3AAl,recEC4Phebu71M9eT
reclZNswXegQ2nSHw,recJZHPDycWrblx7C
recmrxjdVfuLFk199,reccC6ahMjXe8GqRX
recmrxjdVfuLFk199,recyD3GOrYIpiWWDq
recmrxjdVfuLFk199,rec0yTqOMdrlDmAgF
recpQkkncKiI7CuFW,reckZgYyDVRXdHlZz
recqfdcQGaplkH8nC,reckZgYyDVRXdHlZz
recr3iC1rGH8Z6gad,recSa8nLuCcrbjJPK
recr3iC1rGH8Z6gad,rec4KSTkm6g0RIKsh
rectVSu1evgsWYZVT,recFuSV8dg6ZXRroB
recuPH0Fbd8WBOjgY,recyMDB2ApWjDD9hm
recv5HHYSfuLdegPM,rec0Gvik1HQIP0ZSk
recv5HHYSfuLdegPM,recpLVGBgdRD9GO94
recvMqV8NMJIv9WHt,reckZgYyDVRXdHlZz
recvMqV8NMJIv9WHt,recEqtCtkoYlT6qBU
recvMqV8NMJIv9WHt,recJl5jil9st58Tfy
recvgGxhWwU4xf8YV,rec4KSTkm6g0RIKsh
recvgGxhWwU4xf8YV,recSa8nLuCcrbjJPK
recwBSveH68VaBrtv,reccC6ahMjXe8GqRX
recwBSveH68VaBrtv,recyD3GOrYIpiWWDq
recwBSveH68VaBrtv,reciY39uG9irn9rzc
recwBSveH68VaBrtv,recEC4Phebu71M9eT
recx1PD315xEF1bdG,recdqmjG7tAmchH58
recyrKCVAUMKuZrr2,reccC6ahMjXe8GqRX
recyrKCVAUMKuZrr2,recEC4Phebu71M9eT
reczHuBghTGLJxieS,rec0Gvik1HQIP0ZSk
