id,label,group,pillars,created,title
recgRZ2lbEFa1Nt5Q,Health,Dimension,,2025-06-12,<b>Health</b><br>Group: Dimension<br>Created: 2025-06-12
reclzLFPAfRZdvrCx,Performance,Dimension,,2025-06-12,<b>Performance</b><br>Group: Dimension<br>Created: 2025-06-12
rec3oKZF20mdrOsZP,Nutrition,Domain,,2025-06-12,<b>Nutrition</b><br>Group: Domain<br>Created: 2025-06-12
rec4W6rDCELaCgtvA,Women's Health,Domain,"recFFzH0W2XntomG9, recGt92bs5UItAxBs, reco0FmFUZdGz5HwO, recNcR7LqXWImPQNY, recTLGnCoITqQXunf, recKLqkL67MJcSNs6",2025-06-12,"<b>Women's Health</b><br>Group: Domain<br>Pillars: recFFzH0W2XntomG9, recGt92bs5UItAxBs, reco0FmFUZdGz5HwO, recNcR7LqXWImPQNY, recTLGnCoITqQXunf, recKLqkL67MJcSNs6<br>Created: 2025-06-12"
rec4yRZnSgprEouqL,Bone Health,Domain,,2025-06-30,<b>Bone Health</b><br>Group: Domain<br>Created: 2025-06-30
rec77GAfL5R9cvqDc,Physical Health,Domain,,2025-06-13,<b>Physical Health</b><br>Group: Domain<br>Created: 2025-06-13
rec9zzXnWWoI6ebyg,Cognitive,Domain,reco0FmFUZdGz5HwO,2025-06-13,<b>Cognitive</b><br>Group: Domain<br>Pillars: reco0FmFUZdGz5HwO<br>Created: 2025-06-13
recECC9TSlbV9Unx9,Technical,Domain,,2025-06-13,<b>Technical</b><br>Group: Domain<br>Created: 2025-06-13
recEfcTC2KqD8Bomr,Cardiovascular Health,Domain,recGt92bs5UItAxBs,2025-04-03,<b>Cardiovascular Health</b><br>Group: Domain<br>Pillars: recGt92bs5UItAxBs<br>Created: 2025-04-03
recJGnUxrJcSfntJV,Physical Performance,Domain,,2025-06-13,<b>Physical Performance</b><br>Group: Domain<br>Created: 2025-06-13
recK2Jmq7WTDwG913,Cancer Prevention,Domain,,2025-06-30,<b>Cancer Prevention</b><br>Group: Domain<br>Created: 2025-06-30
recNi1Bl2SlP1kmLf,Physical Activity,Domain,,2025-04-03,<b>Physical Activity</b><br>Group: Domain<br>Created: 2025-04-03
recT1YUmi1GfdcarT,Injury,Domain,,2025-06-13,<b>Injury</b><br>Group: Domain<br>Created: 2025-06-13
recgvFOldMa7sYmIT,Lifestyle Health,Domain,,2025-06-30,<b>Lifestyle Health</b><br>Group: Domain<br>Created: 2025-06-30
recmvqm0tDNB3iTAp,Recovery,Domain,,2025-04-03,<b>Recovery</b><br>Group: Domain<br>Created: 2025-04-03
recnXenpw9d6lyHfG,Metabolic Health,Domain,,2025-06-30,<b>Metabolic Health</b><br>Group: Domain<br>Created: 2025-06-30
recpLznsiMPG89JZS,Tactical,Domain,,2025-06-13,<b>Tactical</b><br>Group: Domain<br>Created: 2025-06-13
recqk3l2BcIHBsO1H,Longevity & Mortality Risk,Domain,,2025-04-04,<b>Longevity & Mortality Risk</b><br>Group: Domain<br>Created: 2025-04-04
recsZVImQSfgtSAVC,Early Cancer Detection,Domain,,2025-07-30,<b>Early Cancer Detection</b><br>Group: Domain<br>Created: 2025-07-30
rect453WGj44XmTPs,Psychological wellbeing,Domain,reco0FmFUZdGz5HwO,2025-04-03,<b>Psychological wellbeing</b><br>Group: Domain<br>Pillars: reco0FmFUZdGz5HwO<br>Created: 2025-04-03
rec1MZnQeNr2w90Yy,Pelvic Floor Health,Construct,,2025-06-12,<b>Pelvic Floor Health</b><br>Group: Construct<br>Created: 2025-06-12
rec3VnS3m9SPPVWbi,Menstrual & Gynaecological Health,Construct,,2025-06-12,<b>Menstrual & Gynaecological Health</b><br>Group: Construct<br>Created: 2025-06-12
rec897957Gvk1TOUj,Movement Asymmetry,Construct,,2025-07-16,<b>Movement Asymmetry</b><br>Group: Construct<br>Created: 2025-07-16
recATXSzRkYo0KeAK,Adaptability,Construct,,2025-07-16,<b>Adaptability</b><br>Group: Construct<br>Created: 2025-07-16
recCyRMEehCEMFrMk,Sleep,Construct,recNcR7LqXWImPQNY,2025-06-13,<b>Sleep</b><br>Group: Construct<br>Pillars: recNcR7LqXWImPQNY<br>Created: 2025-06-13
recDEGz4XrTPAz7fo,Movement Efficiency,Construct,recGt92bs5UItAxBs,2025-07-16,<b>Movement Efficiency</b><br>Group: Construct<br>Pillars: recGt92bs5UItAxBs<br>Created: 2025-07-16
recDsZAsUO3Qze6sK,Neuromuscular Fatigue,Construct,recGt92bs5UItAxBs,2025-06-27,<b>Neuromuscular Fatigue</b><br>Group: Construct<br>Pillars: recGt92bs5UItAxBs<br>Created: 2025-06-27
recE9gAnoKCekg5WC,Breast Cancer Risk,Construct,,2025-06-16,<b>Breast Cancer Risk</b><br>Group: Construct<br>Created: 2025-06-16
recEMnUhLjmilWszv,Motor Control,Construct,recGt92bs5UItAxBs,2025-07-16,<b>Motor Control</b><br>Group: Construct<br>Pillars: recGt92bs5UItAxBs<br>Created: 2025-07-16
recGaKR4hC5uGrDxB,Breast Health,Construct,"recFFzH0W2XntomG9, recGt92bs5UItAxBs, reco0FmFUZdGz5HwO",2025-06-12,"<b>Breast Health</b><br>Group: Construct<br>Pillars: recFFzH0W2XntomG9, recGt92bs5UItAxBs, reco0FmFUZdGz5HwO<br>Created: 2025-06-12"
recHnYbvgqSSz46lp,Anaerobic capacity,Construct,recGt92bs5UItAxBs,2025-06-12,<b>Anaerobic capacity</b><br>Group: Construct<br>Pillars: recGt92bs5UItAxBs<br>Created: 2025-06-12
recIHax6MMyiPkRn5,Perceived stress,Construct,reco0FmFUZdGz5HwO,2025-06-13,<b>Perceived stress</b><br>Group: Construct<br>Pillars: reco0FmFUZdGz5HwO<br>Created: 2025-06-13
recKL7TUkBkrwoTJI,Environmental Exposure Profile,Construct,,2025-07-17,<b>Environmental Exposure Profile</b><br>Group: Construct<br>Created: 2025-07-17
recM9PCCJe7SsG1qe,Deceleration,Construct,recGt92bs5UItAxBs,2025-05-27,<b>Deceleration</b><br>Group: Construct<br>Pillars: recGt92bs5UItAxBs<br>Created: 2025-05-27
recNERUzBBKrtuH9Y,Genetic Predisposition,Construct,,2025-07-17,<b>Genetic Predisposition</b><br>Group: Construct<br>Created: 2025-07-17
recOcfe91YDUmwIOj,Executive Function,Construct,,2025-06-13,<b>Executive Function</b><br>Group: Construct<br>Created: 2025-06-13
recQ9RId8SWVHvh1p,Biomechanics,Construct,,2025-07-16,<b>Biomechanics</b><br>Group: Construct<br>Created: 2025-07-16
recQzOrv4q9y7PhOK,Muscular Endurance,Construct,recGt92bs5UItAxBs,2025-07-22,<b>Muscular Endurance</b><br>Group: Construct<br>Pillars: recGt92bs5UItAxBs<br>Created: 2025-07-22
recSMe6sSHvtTlMp9,Language Comprehension,Construct,,2025-06-13,<b>Language Comprehension</b><br>Group: Construct<br>Created: 2025-06-13
recSmGAt8NsrweTup,Tactical Knowledge,Construct,,2025-07-16,<b>Tactical Knowledge</b><br>Group: Construct<br>Created: 2025-07-16
recVf6cYleUxBnKiR,Aerobic capacity,Construct,recGt92bs5UItAxBs,2025-06-12,<b>Aerobic capacity</b><br>Group: Construct<br>Pillars: recGt92bs5UItAxBs<br>Created: 2025-06-12
recWAA36T3dANDEJO,Cognitive Brain Function,Construct,,2025-06-13,<b>Cognitive Brain Function</b><br>Group: Construct<br>Created: 2025-06-13
recWwYsZbXena5gZy,Spatial Awareness,Construct,,2025-07-16,<b>Spatial Awareness</b><br>Group: Construct<br>Created: 2025-07-16
recXCyzwgIXoj8CCX,Learning,Construct,,2025-06-13,<b>Learning</b><br>Group: Construct<br>Created: 2025-06-13
recXPwFig1oKMS0R8,Physiological stress response,Construct,reco0FmFUZdGz5HwO,2025-06-13,<b>Physiological stress response</b><br>Group: Construct<br>Pillars: reco0FmFUZdGz5HwO<br>Created: 2025-06-13
recbCpQsVFYYYEtDh,Neuromuscular Control,Construct,,2025-07-25,<b>Neuromuscular Control</b><br>Group: Construct<br>Created: 2025-07-25
recbe35bgBYTpIBn9,Menopause,Construct,,2025-06-12,<b>Menopause</b><br>Group: Construct<br>Created: 2025-06-12
recblMgXP4Mok7z4A,Lipid Profile,Construct,,2025-06-13,<b>Lipid Profile</b><br>Group: Construct<br>Created: 2025-06-13
recefrPauZ7Jjj9gx,Communication,Construct,,2025-07-16,<b>Communication</b><br>Group: Construct<br>Created: 2025-07-16
recfDr3NZkYFMRoh6,Memory,Construct,,2025-06-13,<b>Memory</b><br>Group: Construct<br>Created: 2025-06-13
rechFelX7IN1qVYiB,Epigenetic Modification,Construct,,2025-07-17,<b>Epigenetic Modification</b><br>Group: Construct<br>Created: 2025-07-17
rechnQQOAfSsX240X,Biological Age,Construct,,2025-07-17,<b>Biological Age</b><br>Group: Construct<br>Created: 2025-07-17
reck0sb6pZGPf6Pcv,Fall Risk,Construct,,2025-06-13,<b>Fall Risk</b><br>Group: Construct<br>Created: 2025-06-13
reclVhowpUH2K0kGC,Agility,Construct,recGt92bs5UItAxBs,2025-05-27,<b>Agility</b><br>Group: Construct<br>Pillars: recGt92bs5UItAxBs<br>Created: 2025-05-27
recm0MpjOouRLemfW,Anticipation & Pattern Recognition,Construct,,2025-07-16,<b>Anticipation & Pattern Recognition</b><br>Group: Construct<br>Created: 2025-07-16
recnORDhgZu137T07,Blood glucose control,Construct,,2025-06-13,<b>Blood glucose control</b><br>Group: Construct<br>Created: 2025-06-13
recns7nDmsOKHlizd,Postpartum,Construct,,2025-06-12,<b>Postpartum</b><br>Group: Construct<br>Created: 2025-06-12
recp3tIJYLTYlWUC9,Functional Mobility,Construct,,2025-06-13,<b>Functional Mobility</b><br>Group: Construct<br>Created: 2025-06-13
recpAS0kMe71FDX7H,Skill Acquisition,Construct,,2025-06-26,<b>Skill Acquisition</b><br>Group: Construct<br>Created: 2025-06-26
recqpLH0GC18fA0rd,Strategic Thinking,Construct,,2025-07-16,<b>Strategic Thinking</b><br>Group: Construct<br>Created: 2025-07-16
recr8EUCcL6AXErv5,Muscular Strength,Construct,recGt92bs5UItAxBs,2025-06-13,<b>Muscular Strength</b><br>Group: Construct<br>Pillars: recGt92bs5UItAxBs<br>Created: 2025-06-13
recrSSXJe2vXcnP06,Behaviour,Construct,,2025-07-17,<b>Behaviour</b><br>Group: Construct<br>Created: 2025-07-17
recrir1gh1zIP3TrW,Processing Speed,Construct,,2025-06-13,<b>Processing Speed</b><br>Group: Construct<br>Created: 2025-06-13
recrorEeEiPQqpRog,Speed,Construct,recGt92bs5UItAxBs,2025-05-27,<b>Speed</b><br>Group: Construct<br>Pillars: recGt92bs5UItAxBs<br>Created: 2025-05-27
recuO9pKsegeLkwnA,Wellness Vision,Construct,,2025-06-17,<b>Wellness Vision</b><br>Group: Construct<br>Created: 2025-06-17
recvQVjSTcYcNAJ8M,Power,Construct,recGt92bs5UItAxBs,2025-06-12,<b>Power</b><br>Group: Construct<br>Pillars: recGt92bs5UItAxBs<br>Created: 2025-06-12
recvRJYY3TpJqrRZ3,Decision Making,Construct,,2025-07-16,<b>Decision Making</b><br>Group: Construct<br>Created: 2025-07-16
recvs9RNCHJXkT8e7,Physical Independence,Construct,,2025-06-13,<b>Physical Independence</b><br>Group: Construct<br>Created: 2025-06-13
recx371VHQKStvwb5,Body Composition/ Aesthetic,Construct,recFFzH0W2XntomG9,2025-06-12,<b>Body Composition/ Aesthetic</b><br>Group: Construct<br>Pillars: recFFzH0W2XntomG9<br>Created: 2025-06-12
recxprVeU0IMAbOUh,Coordination,Construct,recGt92bs5UItAxBs,2025-07-16,<b>Coordination</b><br>Group: Construct<br>Pillars: recGt92bs5UItAxBs<br>Created: 2025-07-16
recy1F4Lu0UIKSj03,Acceleration,Construct,recGt92bs5UItAxBs,2025-05-27,<b>Acceleration</b><br>Group: Construct<br>Pillars: recGt92bs5UItAxBs<br>Created: 2025-05-27
recz1PzcbH6KU0XXM,Cellular Health,Construct,,2025-07-17,<b>Cellular Health</b><br>Group: Construct<br>Created: 2025-07-17
rec01X3COa1ib3US2,Countermovement Jump,Assessment,,2025-04-03,<b>Countermovement Jump</b><br>Group: Assessment<br>Created: 2025-04-03
rec0Gvik1HQIP0ZSk,Diagnostic Ultrasound,Assessment,,2025-06-09,<b>Diagnostic Ultrasound</b><br>Group: Assessment<br>Created: 2025-06-09
rec0IfpZ42QZ0xosH,GI MAP,Assessment,,2025-08-01,<b>GI MAP</b><br>Group: Assessment<br>Created: 2025-08-01
rec1M0EaWiLROOYLl,Iso Add & Abd strength,Assessment,,2025-05-27,<b>Iso Add & Abd strength</b><br>Group: Assessment<br>Created: 2025-05-27
rec1bIAxEXG8fKnRN,Neurocatch,Assessment,,2025-04-03,<b>Neurocatch</b><br>Group: Assessment<br>Created: 2025-04-03
rec3EPzGnE964H1Gv,Stool sample,Assessment,,2025-07-30,<b>Stool sample</b><br>Group: Assessment<br>Created: 2025-07-30
rec4FFfTKu1XMdFCy,International Physical Activity Questionnaire,Assessment,,2025-08-05,<b>International Physical Activity Questionnaire</b><br>Group: Assessment<br>Created: 2025-08-05
rec9Rgt8FcmgqVKUz,Olympic Lift,Assessment,,2025-06-26,<b>Olympic Lift</b><br>Group: Assessment<br>Created: 2025-06-26
recBa1LTHX8JdtU2a,Grip Strength,Assessment,,2025-04-03,<b>Grip Strength</b><br>Group: Assessment<br>Created: 2025-04-03
recBh2WToOK2NwOwY,Cooper Test,Assessment,,2025-04-03,<b>Cooper Test</b><br>Group: Assessment<br>Created: 2025-04-03
recCtBbYlJY0MTSE7,Functional Movement Screen,Assessment,,2025-04-18,<b>Functional Movement Screen</b><br>Group: Assessment<br>Created: 2025-04-18
recDKkceesGI48Apv,Wearable Daily Movement Tracking,Assessment,,2025-04-03,<b>Wearable Daily Movement Tracking</b><br>Group: Assessment<br>Created: 2025-04-03
recEUbWVhGIP93Zr1,3D Motion Capture,Assessment,,2025-07-16,<b>3D Motion Capture</b><br>Group: Assessment<br>Created: 2025-07-16
recFW2Sudmks7GPsG,VO2 Max GXT Run,Assessment,,2025-04-18,<b>VO2 Max GXT Run</b><br>Group: Assessment<br>Created: 2025-04-18
recFuSV8dg6ZXRroB,Movement Assessment - Squat,Assessment,,2025-04-03,<b>Movement Assessment - Squat</b><br>Group: Assessment<br>Created: 2025-04-03
recI3s8kMpMHQhzFG,Breast Ultrasound,Assessment,,2025-07-30,<b>Breast Ultrasound</b><br>Group: Assessment<br>Created: 2025-07-30
recJZHPDycWrblx7C,10-5 Hop,Assessment,,2025-07-01,<b>10-5 Hop</b><br>Group: Assessment<br>Created: 2025-07-01
recKeLVqpK7rDigqv,5-0-5 45 degree CoD - Frontal Plane,Assessment,,2025-04-18,<b>5-0-5 45 degree CoD - Frontal Plane</b><br>Group: Assessment<br>Created: 2025-04-18
recKqi2nE1q8uLwuC,Movement Assessment - Overhead Squat,Assessment,,2025-04-03,<b>Movement Assessment - Overhead Squat</b><br>Group: Assessment<br>Created: 2025-04-03
recLLHJ7SlYK0Kmbc,1080 Resisted Sprint,Assessment,,2025-04-18,<b>1080 Resisted Sprint</b><br>Group: Assessment<br>Created: 2025-04-18
recM9u9aVmxQnOinB,Barbell Squat,Assessment,,2025-06-26,<b>Barbell Squat</b><br>Group: Assessment<br>Created: 2025-06-26
recNTjvHEvFeOztLD,Self-Reported - Survey,Assessment,,2025-04-03,<b>Self-Reported - Survey</b><br>Group: Assessment<br>Created: 2025-04-03
recPIvAPvwquT3GrJ,Movement Assessment - Posture,Assessment,,2025-04-03,<b>Movement Assessment - Posture</b><br>Group: Assessment<br>Created: 2025-04-03
recPmqdSeugRDFbcz,Sprint Mechanics Assessment Score - SMAS,Assessment,,2025-07-17,<b>Sprint Mechanics Assessment Score - SMAS</b><br>Group: Assessment<br>Created: 2025-07-17
recSa8nLuCcrbjJPK,DXA Imaging,Assessment,,2025-04-03,<b>DXA Imaging</b><br>Group: Assessment<br>Created: 2025-04-03
recSdxUER6lJkhdcl,GAD-7 Score,Assessment,,2025-07-18,<b>GAD-7 Score</b><br>Group: Assessment<br>Created: 2025-07-18
recWtYN980TjKsr9V,Tyrer-Cuzik Cancer Risk Assessment,Assessment,,2025-04-14,<b>Tyrer-Cuzik Cancer Risk Assessment</b><br>Group: Assessment<br>Created: 2025-04-14
recXDLr7ReAyTCdVD,Lifestyle Assessment - Survey,Assessment,,2025-04-03,<b>Lifestyle Assessment - Survey</b><br>Group: Assessment<br>Created: 2025-04-03
recXQqmW2tUfJEFMJ,6 Minute Walk Test,Assessment,,2025-08-07,<b>6 Minute Walk Test</b><br>Group: Assessment<br>Created: 2025-08-07
recZMVSncPsS11vXx,Bench Press,Assessment,,2025-04-18,<b>Bench Press</b><br>Group: Assessment<br>Created: 2025-04-18
recbHaQy3scZqgZ9h,Y Balance,Assessment,,2025-04-18,<b>Y Balance</b><br>Group: Assessment<br>Created: 2025-04-18
recbeD3tETdHeQjYl,VO2 Max GXT Bike,Assessment,,2025-07-01,<b>VO2 Max GXT Bike</b><br>Group: Assessment<br>Created: 2025-07-01
recbxmzOfBolIAEp6,30-15 IFT,Assessment,,2025-04-18,<b>30-15 IFT</b><br>Group: Assessment<br>Created: 2025-04-18
reccC6ahMjXe8GqRX,Lifestyle Assessment - Consultation,Assessment,,2025-04-03,<b>Lifestyle Assessment - Consultation</b><br>Group: Assessment<br>Created: 2025-04-03
reccmveZLCCb1lfMH,10 year ASCVD Risk,Assessment,,2025-07-18,<b>10 year ASCVD Risk</b><br>Group: Assessment<br>Created: 2025-07-18
recdVMUaCoXacskEC,Wearable Sleep Tracking,Assessment,,2025-04-03,<b>Wearable Sleep Tracking</b><br>Group: Assessment<br>Created: 2025-04-03
recdWGkcxeMC8Lk68,Cascaid Movement Screen,Assessment,,2025-08-05,<b>Cascaid Movement Screen</b><br>Group: Assessment<br>Created: 2025-08-05
recdqqiHIxoEgnVKQ,Electroencephalography (EEG),Assessment,,2025-06-13,<b>Electroencephalography (EEG)</b><br>Group: Assessment<br>Created: 2025-06-13
recgJZSUEilVsZr7b,Wingate,Assessment,,2025-04-18,<b>Wingate</b><br>Group: Assessment<br>Created: 2025-04-18
rechoG8EB9q7hQVBG,Standing Broad Jump,Assessment,,2025-06-26,<b>Standing Broad Jump</b><br>Group: Assessment<br>Created: 2025-06-26
reckZgYyDVRXdHlZz,Blood Panel,Assessment,,2025-04-03,<b>Blood Panel</b><br>Group: Assessment<br>Created: 2025-04-03
reckaCaLs4LSeR2f0,Movement Assessment - Lunge,Assessment,,2025-04-03,<b>Movement Assessment - Lunge</b><br>Group: Assessment<br>Created: 2025-04-03
recljn5BRoIV6HV3j,Squat Jump,Assessment,,2025-06-26,<b>Squat Jump</b><br>Group: Assessment<br>Created: 2025-06-26
recpLVGBgdRD9GO94,Diagnostic MRI Scan,Assessment,,2025-06-10,<b>Diagnostic MRI Scan</b><br>Group: Assessment<br>Created: 2025-06-10
rectCNp2MjYTkB3oW,"Sprint Test (20m, 30m, 40m)",Assessment,,2025-07-22,"<b>Sprint Test (20m, 30m, 40m)</b><br>Group: Assessment<br>Created: 2025-07-22"
recuwZ3ruwTVH3pBZ,Musculoskeletal Manual Assessment,Assessment,,2025-04-03,<b>Musculoskeletal Manual Assessment</b><br>Group: Assessment<br>Created: 2025-04-03
recvq4WYMW4QJ8zqP,Drop Jump,Assessment,,2025-06-16,<b>Drop Jump</b><br>Group: Assessment<br>Created: 2025-06-16
recwGcgvCgOKfdlSW,Isometric Mid-Thigh Pull,Assessment,,2025-06-26,<b>Isometric Mid-Thigh Pull</b><br>Group: Assessment<br>Created: 2025-06-26
recxfICUmP5qvtKM1,Perceived stress scale,Assessment,,2025-06-13,<b>Perceived stress scale</b><br>Group: Assessment<br>Created: 2025-06-13
recyMDB2ApWjDD9hm,Mammogram,Assessment,,2025-04-14,<b>Mammogram</b><br>Group: Assessment<br>Created: 2025-04-14
reczLPA5WlTcMU2KE,Wearable Activity Tracking,Assessment,,2025-04-03,<b>Wearable Activity Tracking</b><br>Group: Assessment<br>Created: 2025-04-03
reczfFAtR3qoOItmt,Isometric Belt Squat,Assessment,,2025-04-03,<b>Isometric Belt Squat</b><br>Group: Assessment<br>Created: 2025-04-03
rec02DbChOJHI7tC8,Accuracy Score,Metric,,2025-07-16,<b>Accuracy Score</b><br>Group: Metric<br>Created: 2025-07-16
rec0khZwUsbOnvQzG,Cystatin C,Metric,,2025-06-26,<b>Cystatin C</b><br>Group: Metric<br>Created: 2025-06-26
rec0rWwW4wqbdIOye,hrCRP (High-Range C-Reactive Protein),Metric,,2025-06-26,<b>hrCRP (High-Range C-Reactive Protein)</b><br>Group: Metric<br>Created: 2025-06-26
rec1ItqBsZHEiDOJe,T4 (Thyroxine),Metric,,2025-06-26,<b>T4 (Thyroxine)</b><br>Group: Metric<br>Created: 2025-06-26
rec1ak8fPVy6Ncgdf,Bone Mineral Density (BMD),Metric,,2025-06-26,<b>Bone Mineral Density (BMD)</b><br>Group: Metric<br>Created: 2025-06-26
rec2AnqGqzIKF67dJ,Gamma-glutamyl Transferase (GGT),Metric,,2025-06-26,<b>Gamma-glutamyl Transferase (GGT)</b><br>Group: Metric<br>Created: 2025-06-26
rec2D1xN03rHeMxUJ,Menopause Status,Metric,,2025-04-14,<b>Menopause Status</b><br>Group: Metric<br>Created: 2025-04-14
rec2FFjKLH8uF8eSJ,IGF-1 Z-Score,Metric,,2025-06-26,<b>IGF-1 Z-Score</b><br>Group: Metric<br>Created: 2025-06-26
rec2c46nBRUV1kqC9,Magnesium (Serum),Metric,,2025-06-26,<b>Magnesium (Serum)</b><br>Group: Metric<br>Created: 2025-06-26
rec38mTMbPNxn403Q,1RM,Metric,,2025-07-30,<b>1RM</b><br>Group: Metric<br>Created: 2025-07-30
rec392t5w4xH3T9zt,Abductor/Adductor Ratio,Metric,,2025-05-27,<b>Abductor/Adductor Ratio</b><br>Group: Metric<br>Created: 2025-05-27
rec3xKuRhP88L1ARA,Complement C4,Metric,,2025-06-26,<b>Complement C4</b><br>Group: Metric<br>Created: 2025-06-26
rec435DVVFfIfgclk,LDL Small,Metric,,2025-06-26,<b>LDL Small</b><br>Group: Metric<br>Created: 2025-06-26
rec5MDOFGcJJCtdLf,OGTT (Insulin),Metric,,2025-06-26,<b>OGTT (Insulin)</b><br>Group: Metric<br>Created: 2025-06-26
rec5XJKeMObUkwEEW,LPS Antibodies (Lipopolysaccharide Antibodies),Metric,,2025-06-26,<b>LPS Antibodies (Lipopolysaccharide Antibodies)</b><br>Group: Metric<br>Created: 2025-06-26
rec5eApGsx4d5cIUu,Sprint Time,Metric,,2025-07-22,<b>Sprint Time</b><br>Group: Metric<br>Created: 2025-07-22
rec5rADI2ckTuykwK,One Year Risk Category,Metric,,2025-04-14,<b>One Year Risk Category</b><br>Group: Metric<br>Created: 2025-04-14
rec6I3HOHZxZNVlye,Error rate in skill execution,Metric,,2025-07-16,<b>Error rate in skill execution</b><br>Group: Metric<br>Created: 2025-07-16
rec6I69nqKNZypzaq,Force-velocity profile,Metric,,2025-06-27,<b>Force-velocity profile</b><br>Group: Metric<br>Created: 2025-06-27
rec6c9iQyqvxASOht,MCV (Mean Corpuscular Volume),Metric,,2025-06-26,<b>MCV (Mean Corpuscular Volume)</b><br>Group: Metric<br>Created: 2025-06-26
rec6mzFrkxadIJ37Z,Auditory Sensation,Metric,,2025-06-13,<b>Auditory Sensation</b><br>Group: Metric<br>Created: 2025-06-13
rec6vKPqqFhaO834s,Glutamate,Metric,,2025-06-26,<b>Glutamate</b><br>Group: Metric<br>Created: 2025-06-26
rec7VJsTCKDUrTyBN,Platelet count,Metric,,2025-06-26,<b>Platelet count</b><br>Group: Metric<br>Created: 2025-06-26
rec7XXsi291uI6X89,Selenium,Metric,,2025-06-26,<b>Selenium</b><br>Group: Metric<br>Created: 2025-06-26
rec7jsTB8p8ccYK58,Complement C3,Metric,,2025-06-26,<b>Complement C3</b><br>Group: Metric<br>Created: 2025-06-26
rec7lpqOFv1AiwTqH,Vertical jump,Metric,,2025-06-26,<b>Vertical jump</b><br>Group: Metric<br>Created: 2025-06-26
rec845KmUwDv0Xivb,Height,Metric,,2025-04-14,<b>Height</b><br>Group: Metric<br>Created: 2025-04-14
rec8JgItgYg3iythu,ApoB (Apolipoprotein B),Metric,,2025-06-26,<b>ApoB (Apolipoprotein B)</b><br>Group: Metric<br>Created: 2025-06-26
rec8RwunmNv7prBsl,Jump Height - Flight Time,Metric,,2025-06-25,<b>Jump Height - Flight Time</b><br>Group: Metric<br>Created: 2025-06-25
rec8UZWC14FFgiYvQ,MCHC (Mean Corpuscular Hemoglobin Concentration),Metric,,2025-06-26,<b>MCHC (Mean Corpuscular Hemoglobin Concentration)</b><br>Group: Metric<br>Created: 2025-06-26
rec8VN2V30bBRLG2O,Monocytes (Absolute and %),Metric,,2025-06-26,<b>Monocytes (Absolute and %)</b><br>Group: Metric<br>Created: 2025-06-26
rec8lXN2nSmgeFH3m,Age at First Birth,Metric,,2025-04-14,<b>Age at First Birth</b><br>Group: Metric<br>Created: 2025-04-14
rec8wMdoqviiyxqKi,25-hydroxy Vitamin D,Metric,,2025-06-26,<b>25-hydroxy Vitamin D</b><br>Group: Metric<br>Created: 2025-06-26
rec8xzEyL969tudGM,Cortisol Rhythm (4-Point Salivary Cortisol),Metric,,2025-06-26,<b>Cortisol Rhythm (4-Point Salivary Cortisol)</b><br>Group: Metric<br>Created: 2025-06-26
rec8zUUk7RCinTTuo,DHEA Sulfate (Dehydroepiandrosterone Sulfate),Metric,,2025-06-26,<b>DHEA Sulfate (Dehydroepiandrosterone Sulfate)</b><br>Group: Metric<br>Created: 2025-06-26
rec95VUg8kOaUfiVp,Copper,Metric,,2025-06-26,<b>Copper</b><br>Group: Metric<br>Created: 2025-06-26
rec963c3KYAIPPvdN,Insulin,Metric,,2025-06-26,<b>Insulin</b><br>Group: Metric<br>Created: 2025-06-26
rec988XxnGWBp5l2L,Ground Reaction Force (GRF),Metric,,2025-07-16,<b>Ground Reaction Force (GRF)</b><br>Group: Metric<br>Created: 2025-07-16
rec9Aqsr6bOwTUfaZ,ESP (Erythrocyte Sedimentation Profile),Metric,,2025-06-26,<b>ESP (Erythrocyte Sedimentation Profile)</b><br>Group: Metric<br>Created: 2025-06-26
rec9X7m6mjyNHCA9L,Impact Force,Metric,,2025-06-26,<b>Impact Force</b><br>Group: Metric<br>Created: 2025-06-26
rec9YJ3oYz3HDcSxn,Apnea-Hypopnea Index (AHI),Metric,,2025-06-26,<b>Apnea-Hypopnea Index (AHI)</b><br>Group: Metric<br>Created: 2025-06-26
rec9rAFAED0ltRfza,Estradiol (E2),Metric,,2025-06-26,<b>Estradiol (E2)</b><br>Group: Metric<br>Created: 2025-06-26
recAlzkfykRoIqMLo,Peak Force,Metric,,2025-06-27,<b>Peak Force</b><br>Group: Metric<br>Created: 2025-06-27
recAydgiVLvkmN7Hh,Step Count,Metric,,2025-07-30,<b>Step Count</b><br>Group: Metric<br>Created: 2025-07-30
recBCgYXbhibfsnNX,Vitamin B1 (Thiamine),Metric,,2025-06-26,<b>Vitamin B1 (Thiamine)</b><br>Group: Metric<br>Created: 2025-06-26
recBE883zag6YxHr0,Adiponectin,Metric,,2025-06-26,<b>Adiponectin</b><br>Group: Metric<br>Created: 2025-06-26
recBlbqUxqGfm2dBA,Practitioner SOAP Note,Metric,,2025-04-14,<b>Practitioner SOAP Note</b><br>Group: Metric<br>Created: 2025-04-14
recC2zYbGkIyVDkPZ,Eosinophils (Absolute and %),Metric,,2025-06-26,<b>Eosinophils (Absolute and %)</b><br>Group: Metric<br>Created: 2025-06-26
recC3DOxtnkTXYoYU,Zinc (Serum),Metric,,2025-06-26,<b>Zinc (Serum)</b><br>Group: Metric<br>Created: 2025-06-26
recCGMO5X3EAlqsdE,Live birth count,Metric,,2025-04-14,<b>Live birth count</b><br>Group: Metric<br>Created: 2025-04-14
recCGapFwOHSloHAt,Movement (during sleep),Metric,,2025-06-26,<b>Movement (during sleep)</b><br>Group: Metric<br>Created: 2025-06-26
recCH2uv5DSbtcyem,TG/HDL-C Ratio (Triglyceride/HDL-C Ratio),Metric,,2025-06-26,<b>TG/HDL-C Ratio (Triglyceride/HDL-C Ratio)</b><br>Group: Metric<br>Created: 2025-06-26
recCgDhDxA3R8ZYIK,Reaction Time (s),Metric,,2025-07-16,<b>Reaction Time (s)</b><br>Group: Metric<br>Created: 2025-07-16
recCsfnuJdgpHHCdv,Speed of skill execution,Metric,,2025-07-16,<b>Speed of skill execution</b><br>Group: Metric<br>Created: 2025-07-16
recCwT1KzYM0H4CWu,Torso Lean,Metric,,2025-08-19,<b>Torso Lean</b><br>Group: Metric<br>Created: 2025-08-19
recDCH36CVs5ujrIP,MPO (Myeloperoxidase),Metric,,2025-06-26,<b>MPO (Myeloperoxidase)</b><br>Group: Metric<br>Created: 2025-06-26
recDW5b2l1un8gW6V,Relative Skeletal Muscle Index (RSMI),Metric,,2025-06-26,<b>Relative Skeletal Muscle Index (RSMI)</b><br>Group: Metric<br>Created: 2025-06-26
recDefSIzciVfrACx,BUN/Creatinine Ratio,Metric,,2025-06-26,<b>BUN/Creatinine Ratio</b><br>Group: Metric<br>Created: 2025-06-26
recDnBIzHfAQGXeiz,Fasting blood glucose,Metric,,2025-06-13,<b>Fasting blood glucose</b><br>Group: Metric<br>Created: 2025-06-13
recE5iVkVJaCmK7EW,hs-CRP (High-Sensitivity C-Reactive Protein),Metric,,2025-06-26,<b>hs-CRP (High-Sensitivity C-Reactive Protein)</b><br>Group: Metric<br>Created: 2025-06-26
recEC4Phebu71M9eT,Lifetime Risk Tyrer-Cuzick,Metric,,2025-04-14,<b>Lifetime Risk Tyrer-Cuzick</b><br>Group: Metric<br>Created: 2025-04-14
recEHGkrp4yn7X2SX,Sit-to-Stand,Metric,,2025-04-04,<b>Sit-to-Stand</b><br>Group: Metric<br>Created: 2025-04-04
recEJ6UAnu6rXIPLJ,Free Thyroxine Index,Metric,,2025-06-26,<b>Free Thyroxine Index</b><br>Group: Metric<br>Created: 2025-06-26
recERSXdVUfDOauRI,LH (Luteinizing Hormone),Metric,,2025-06-26,<b>LH (Luteinizing Hormone)</b><br>Group: Metric<br>Created: 2025-06-26
recESx5JWiio0XQgh,eGFR (Estimated Glomerular Filtration Rate),Metric,,2025-06-26,<b>eGFR (Estimated Glomerular Filtration Rate)</b><br>Group: Metric<br>Created: 2025-06-26
recEd2fhng2MaECn4,Overall Movement Efficiency Score,Metric,,2025-08-19,<b>Overall Movement Efficiency Score</b><br>Group: Metric<br>Created: 2025-08-19
recEob6U1Z9XJ8nBF,Air Pollution,Metric,,2025-07-17,<b>Air Pollution</b><br>Group: Metric<br>Created: 2025-07-17
recEqtCtkoYlT6qBU,Ferritin,Metric,,2025-06-26,<b>Ferritin</b><br>Group: Metric<br>Created: 2025-06-26
recF46elNbZScx4AA,LDL Medium,Metric,,2025-06-26,<b>LDL Medium</b><br>Group: Metric<br>Created: 2025-06-26
recF4PXiwD9q8w2Kk,VDR (Vitamin D Receptor) Polymorphisms,Metric,,2025-06-26,<b>VDR (Vitamin D Receptor) Polymorphisms</b><br>Group: Metric<br>Created: 2025-06-26
recFHPJcHLhSDXA8O,Creatinine,Metric,,2025-06-26,<b>Creatinine</b><br>Group: Metric<br>Created: 2025-06-26
recFUQgoxPaRY1XjF,Phase joint angles,Metric,,2025-07-16,<b>Phase joint angles</b><br>Group: Metric<br>Created: 2025-07-16
recFURH2RHcw3976B,Elastase-1,Metric,,2025-07-30,<b>Elastase-1</b><br>Group: Metric<br>Created: 2025-07-30
recFfQEn1zu9cQAzd,Age at Menarche,Metric,,2025-04-14,<b>Age at Menarche</b><br>Group: Metric<br>Created: 2025-04-14
recFt7uca2ZtqVxjq,Sodium,Metric,,2025-06-26,<b>Sodium</b><br>Group: Metric<br>Created: 2025-06-26
recGAHopS6j5bFdPU,Health Score,Metric,,2025-06-26,<b>Health Score</b><br>Group: Metric<br>Created: 2025-06-26
recGOJfvmhRsxruWe,Body Fat %,Metric,,2025-06-17,<b>Body Fat %</b><br>Group: Metric<br>Created: 2025-06-17
recGTf0BDZ6diglWM,Benign Biopsies Count,Metric,,2025-04-14,<b>Benign Biopsies Count</b><br>Group: Metric<br>Created: 2025-04-14
recGnXSoMu7e9EbIC,Desmosterol,Metric,,2025-06-26,<b>Desmosterol</b><br>Group: Metric<br>Created: 2025-06-26
recGp6yKq1qQqM7XX,Transferrin Saturation,Metric,,2025-06-26,<b>Transferrin Saturation</b><br>Group: Metric<br>Created: 2025-06-26
recGvU9KZrFnt6jXc,Knee valgus angle,Metric,,2025-08-19,<b>Knee valgus angle</b><br>Group: Metric<br>Created: 2025-08-19
recH1jXIOtzVfQBzz,RBC Folate,Metric,,2025-06-26,<b>RBC Folate</b><br>Group: Metric<br>Created: 2025-06-26
recHLjHW16qaaf1Me,Arachidonic Acid,Metric,,2025-06-26,<b>Arachidonic Acid</b><br>Group: Metric<br>Created: 2025-06-26
recHS5KwhmeCDmKxP,Pace of Aging,Metric,,2025-06-26,<b>Pace of Aging</b><br>Group: Metric<br>Created: 2025-06-26
recHfneI4G9KZA3vC,Omega-6/Omega-3 Ratio,Metric,,2025-06-26,<b>Omega-6/Omega-3 Ratio</b><br>Group: Metric<br>Created: 2025-06-26
recHtGtDHHqv5VNN0,HDL cholesterol,Metric,,2025-06-13,<b>HDL cholesterol</b><br>Group: Metric<br>Created: 2025-06-13
recIK1uqY7lJCfTMf,LDL Particle Size,Metric,,2025-06-26,<b>LDL Particle Size</b><br>Group: Metric<br>Created: 2025-06-26
recIYyAZQh2f6R4EG,Glutamine,Metric,,2025-06-26,<b>Glutamine</b><br>Group: Metric<br>Created: 2025-06-26
recIbyDsi651H5NvH,Vitamin B5 (Pantothenic Acid),Metric,,2025-06-26,<b>Vitamin B5 (Pantothenic Acid)</b><br>Group: Metric<br>Created: 2025-06-26
recJ02R3Xoi71HA5u,Eccentric Impulse Asymmetry,Metric,,2025-04-03,<b>Eccentric Impulse Asymmetry</b><br>Group: Metric<br>Created: 2025-04-03
recJl5jil9st58Tfy,Hemoglobin,Metric,,2025-06-26,<b>Hemoglobin</b><br>Group: Metric<br>Created: 2025-06-26
recJoXpgWn0lsYw58,C-Peptide,Metric,,2025-06-26,<b>C-Peptide</b><br>Group: Metric<br>Created: 2025-06-26
recJsLx2nBhXqLT1w,Pelvis rotation angle,Metric,,2025-08-19,<b>Pelvis rotation angle</b><br>Group: Metric<br>Created: 2025-08-19
recK2k5DgUAhgWwPQ,Success rate in task completion,Metric,,2025-07-16,<b>Success rate in task completion</b><br>Group: Metric<br>Created: 2025-07-16
recKEnwID2Lb3ItYl,HDL Large,Metric,,2025-06-26,<b>HDL Large</b><br>Group: Metric<br>Created: 2025-06-26
recKGzxcUXRcjvcm6,IL-6 (Interleukin-6),Metric,,2025-06-26,<b>IL-6 (Interleukin-6)</b><br>Group: Metric<br>Created: 2025-06-26
recKYFk88RB3PcoMw,Bone Mineral Content (BMC),Metric,,2025-06-26,<b>Bone Mineral Content (BMC)</b><br>Group: Metric<br>Created: 2025-06-26
recKmECqmbALFUTnc,HbA1c,Metric,,2025-06-26,<b>HbA1c</b><br>Group: Metric<br>Created: 2025-06-26
recKsEr6hclTJg1Jy,Vitamin B12,Metric,,2025-06-26,<b>Vitamin B12</b><br>Group: Metric<br>Created: 2025-06-26
recLcwEKY41ui4Jn0,Heart Rate (during sleep),Metric,,2025-06-26,<b>Heart Rate (during sleep)</b><br>Group: Metric<br>Created: 2025-06-26
recLhbFTZmuzT0EZV,Lp(a) (Lipoprotein(a)),Metric,,2025-06-26,<b>Lp(a) (Lipoprotein(a))</b><br>Group: Metric<br>Created: 2025-06-26
recLiChuMDluRk5ie,UIBC (Unsaturated Iron-Binding Capacity),Metric,,2025-06-26,<b>UIBC (Unsaturated Iron-Binding Capacity)</b><br>Group: Metric<br>Created: 2025-06-26
recLpEvOrUGy6Tjid,Reverse T3,Metric,,2025-06-26,<b>Reverse T3</b><br>Group: Metric<br>Created: 2025-06-26
recLvU148dCETNhwM,Total Distance,Metric,,2025-07-30,<b>Total Distance</b><br>Group: Metric<br>Created: 2025-07-30
recM00oXy2Ku95DQk,Lifetime Risk Category,Metric,,2025-04-14,<b>Lifetime Risk Category</b><br>Group: Metric<br>Created: 2025-04-14
recMfV4e4VbPIfgtW,Omega-3 fatty acid levels (Omega-3),Metric,,2025-06-26,<b>Omega-3 fatty acid levels (Omega-3)</b><br>Group: Metric<br>Created: 2025-06-26
recN1NXDQbH1OUDV7,Rate of Perceived Exertion - RPE,Metric,,2025-08-19,<b>Rate of Perceived Exertion - RPE</b><br>Group: Metric<br>Created: 2025-08-19
recN4PZTHRA9aOObR,Glutamine:Glutamate Ratio,Metric,,2025-06-26,<b>Glutamine:Glutamate Ratio</b><br>Group: Metric<br>Created: 2025-06-26
recNdWMeYXjDvqO65,APOE (Apolipoprotein E),Metric,,2025-06-26,<b>APOE (Apolipoprotein E)</b><br>Group: Metric<br>Created: 2025-06-26
recNhCEFsCCpfKqRy,Lymphocytes (Absolute and %),Metric,,2025-06-26,<b>Lymphocytes (Absolute and %)</b><br>Group: Metric<br>Created: 2025-06-26
recO23MnJ2WDWyz9R,Vitamin B2 (Riboflavin),Metric,,2025-06-26,<b>Vitamin B2 (Riboflavin)</b><br>Group: Metric<br>Created: 2025-06-26
recOMd0uGVnzx3nZ1,Bicarbonate (Carbon Dioxide Total CO2),Metric,,2025-06-26,<b>Bicarbonate (Carbon Dioxide Total CO2)</b><br>Group: Metric<br>Created: 2025-06-26
recOe6uwMxe0XqIur,HOMA-IR SCORE,Metric,,2025-06-26,<b>HOMA-IR SCORE</b><br>Group: Metric<br>Created: 2025-06-26
recP7uiUASeKYOrYw,Cortisol (Serum AM),Metric,,2025-06-26,<b>Cortisol (Serum AM)</b><br>Group: Metric<br>Created: 2025-06-26
recPQHgCaik70E1Ab,Breast Density,Metric,,2025-04-14,<b>Breast Density</b><br>Group: Metric<br>Created: 2025-04-14
recPfXkFdPTgrXNxi,Prolactin,Metric,,2025-06-26,<b>Prolactin</b><br>Group: Metric<br>Created: 2025-06-26
recQ8LcdqPwFTU7vU,Heart rate variability - HRV,Metric,,2025-04-04,<b>Heart rate variability - HRV</b><br>Group: Metric<br>Created: 2025-04-04
recQX4OOOWeSK16vs,Telomere length,Metric,,2025-07-17,<b>Telomere length</b><br>Group: Metric<br>Created: 2025-07-17
recQaNXi2nlJNLDkZ,Total Cholesterol,Metric,,2025-06-26,<b>Total Cholesterol</b><br>Group: Metric<br>Created: 2025-06-26
recR0OUXVz0ufih2h,Gait Speed,Metric,,2025-04-04,<b>Gait Speed</b><br>Group: Metric<br>Created: 2025-04-04
recR3hAX0SP21PTmy,Calprotectin (Stool),Metric,,2025-06-26,<b>Calprotectin (Stool)</b><br>Group: Metric<br>Created: 2025-06-26
recRTVkOTM58dQnmp,Iodine,Metric,,2025-06-26,<b>Iodine</b><br>Group: Metric<br>Created: 2025-06-26
recRU3wabvKcAplHx,Zonulin (Serum or Stool),Metric,,2025-06-26,<b>Zonulin (Serum or Stool)</b><br>Group: Metric<br>Created: 2025-06-26
recRddK7Mw2Wd7tJH,Cortisol,Metric,,2025-06-13,<b>Cortisol</b><br>Group: Metric<br>Created: 2025-06-13
recS0r9SzsjHVcteJ,Lathosterol,Metric,,2025-06-26,<b>Lathosterol</b><br>Group: Metric<br>Created: 2025-06-26
recS2EymEQ5AjPAxH,Germline Genetic Test,Metric,,2025-04-14,<b>Germline Genetic Test</b><br>Group: Metric<br>Created: 2025-04-14
recSMrgWvRcTjFFe8,Jump Height - Impulse Momentum,Metric,,2025-04-03,<b>Jump Height - Impulse Momentum</b><br>Group: Metric<br>Created: 2025-04-03
recSVQfYnBaKbPmmm,Vision statement,Metric,,2025-06-17,<b>Vision statement</b><br>Group: Metric<br>Created: 2025-06-17
recSf5xxwYYK38Itw,Blood Multi-Cancer Early Detection Test (e.g. Galleri MCED testing),Metric,,2025-06-26,<b>Blood Multi-Cancer Early Detection Test (e.g. Galleri MCED testing)</b><br>Group: Metric<br>Created: 2025-06-26
recTHRy5x0tRBeynq,Free Testosterone,Metric,,2025-06-26,<b>Free Testosterone</b><br>Group: Metric<br>Created: 2025-06-26
recTMg8zhx1SxYpFD,ALT (Alanine Aminotransferase),Metric,,2025-06-26,<b>ALT (Alanine Aminotransferase)</b><br>Group: Metric<br>Created: 2025-06-26
recUOKNhq3dOQZs8X,Reactive Strength Index,Metric,,2025-06-26,<b>Reactive Strength Index</b><br>Group: Metric<br>Created: 2025-06-26
recUm8VvTOetYVNLE,Helicobacter pylori,Metric,,2025-07-30,<b>Helicobacter pylori</b><br>Group: Metric<br>Created: 2025-07-30
recUsFu1aejG5Aczi,PTH (Parathyroid Hormone),Metric,,2025-06-26,<b>PTH (Parathyroid Hormone)</b><br>Group: Metric<br>Created: 2025-06-26
recUyqCXGzQFFCvn6,Iron,Metric,,2025-06-26,<b>Iron</b><br>Group: Metric<br>Created: 2025-06-26
recVTFSE9G90kocK0,Cognitive Processing,Metric,,2025-06-13,<b>Cognitive Processing</b><br>Group: Metric<br>Created: 2025-06-13
recVXzegXTTgh4EBt,Movement variability,Metric,,2025-07-16,<b>Movement variability</b><br>Group: Metric<br>Created: 2025-07-16
recVYfzowsPHKScA1,Muscle Mass,Metric,,2025-06-13,<b>Muscle Mass</b><br>Group: Metric<br>Created: 2025-06-13
recVpPsPsIjpcGaCW,LDL cholesterol,Metric,,2025-06-13,<b>LDL cholesterol</b><br>Group: Metric<br>Created: 2025-06-13
recVqbkOBetG6Tjxy,Biological Age,Metric,,2025-06-26,<b>Biological Age</b><br>Group: Metric<br>Created: 2025-06-26
recW26SDMDqQgwAgB,Thyroglobulin Antibodies (TgAb),Metric,,2025-06-26,<b>Thyroglobulin Antibodies (TgAb)</b><br>Group: Metric<br>Created: 2025-06-26
recWCBnnCMFkFKhvx,Cortisol (Free Urine or Saliva),Metric,,2025-06-26,<b>Cortisol (Free Urine or Saliva)</b><br>Group: Metric<br>Created: 2025-06-26
recWIOL6vyFV0vYUQ,OGTT (Glucose),Metric,,2025-06-26,<b>OGTT (Glucose)</b><br>Group: Metric<br>Created: 2025-06-26
recWMdB81RpGcSQYj,Time in re-acceleration phase (s),Metric,,2025-08-19,<b>Time in re-acceleration phase (s)</b><br>Group: Metric<br>Created: 2025-08-19
recWcsfxdU4TZMQPB,White Blood Cell (WBC) count,Metric,,2025-06-26,<b>White Blood Cell (WBC) count</b><br>Group: Metric<br>Created: 2025-06-26
recWeXcZCBu9AzNjl,Amino Acid Profile (Plasma/Urine),Metric,,2025-06-26,<b>Amino Acid Profile (Plasma/Urine)</b><br>Group: Metric<br>Created: 2025-06-26
recWfofJinmfiMf4L,Free T3,Metric,,2025-06-26,<b>Free T3</b><br>Group: Metric<br>Created: 2025-06-26
recWk7HqeWlYNBgB1,Red Blood Cell (RBC) count,Metric,,2025-06-26,<b>Red Blood Cell (RBC) count</b><br>Group: Metric<br>Created: 2025-06-26
recXJZHhDrxf1BzFy,Lean Mass,Metric,,2025-06-26,<b>Lean Mass</b><br>Group: Metric<br>Created: 2025-06-26
recXTlYPUHIRqYw7o,LDL Peak Size,Metric,,2025-06-26,<b>LDL Peak Size</b><br>Group: Metric<br>Created: 2025-06-26
recXVXILYWbRXuWrP,IL-1 Beta (Interleukin-1 Beta),Metric,,2025-06-26,<b>IL-1 Beta (Interleukin-1 Beta)</b><br>Group: Metric<br>Created: 2025-06-26
recXavWDBvYyPWRe0,BIRAD,Metric,,2025-06-12,<b>BIRAD</b><br>Group: Metric<br>Created: 2025-06-12
recXgW0jibbcH527M,RDW (Red Cell Distribution Width),Metric,,2025-06-26,<b>RDW (Red Cell Distribution Width)</b><br>Group: Metric<br>Created: 2025-06-26
recY6riabTL1gT2te,VLDL-C (Very Low-Density Lipoprotein Cholesterol),Metric,,2025-06-26,<b>VLDL-C (Very Low-Density Lipoprotein Cholesterol)</b><br>Group: Metric<br>Created: 2025-06-26
recYSQ26VNYu4rXe1,Total Sleep Time,Metric,,2025-06-13,<b>Total Sleep Time</b><br>Group: Metric<br>Created: 2025-06-13
recYSRZmcVInGkpzE,Total time (s),Metric,,2025-06-27,<b>Total time (s)</b><br>Group: Metric<br>Created: 2025-06-27
recYdlRjB8Boh19B3,GlycAM (likely GlycoMark / 15-Anhydroglucitol),Metric,,2025-06-26,<b>GlycAM (likely GlycoMark / 15-Anhydroglucitol)</b><br>Group: Metric<br>Created: 2025-06-26
recYpi8Z8UtWly7V9,Chloride,Metric,,2025-06-26,<b>Chloride</b><br>Group: Metric<br>Created: 2025-06-26
recZ3x1F92Ki8XRbw,Blood Lactate,Metric,,2025-07-01,<b>Blood Lactate</b><br>Group: Metric<br>Created: 2025-07-01
recZ5fJ84AgwDLKkA,Water Quality,Metric,,2025-07-17,<b>Water Quality</b><br>Group: Metric<br>Created: 2025-07-17
recZKwlz6H3LVtPMm,Perceived stress score,Metric,,2025-06-13,<b>Perceived stress score</b><br>Group: Metric<br>Created: 2025-06-13
recZMOW3uqKAK3GTd,Thyroid Peroxidase Antibodies (TPO),Metric,,2025-06-26,<b>Thyroid Peroxidase Antibodies (TPO)</b><br>Group: Metric<br>Created: 2025-06-26
recZYyor6HzW9wFGc,Triglycerides,Metric,,2025-06-26,<b>Triglycerides</b><br>Group: Metric<br>Created: 2025-06-26
recZbj9XmamNL2Jm6,RFD - Rate of Force Development,Metric,,2025-06-26,<b>RFD - Rate of Force Development</b><br>Group: Metric<br>Created: 2025-06-26
recZif79ltgDWIyVA,Linoleic Acid,Metric,,2025-06-26,<b>Linoleic Acid</b><br>Group: Metric<br>Created: 2025-06-26
recaAgC5stvlI5Xcm,Prolactin (re-listed as hormone),Metric,,2025-06-26,<b>Prolactin (re-listed as hormone)</b><br>Group: Metric<br>Created: 2025-06-26
recaE2lfDoKu5cbyL,BAC,Metric,,2025-06-12,<b>BAC</b><br>Group: Metric<br>Created: 2025-06-12
recaZurZ22uuyiXVj,SHBG (Sex Hormone Binding Globulin),Metric,,2025-06-26,<b>SHBG (Sex Hormone Binding Globulin)</b><br>Group: Metric<br>Created: 2025-06-26
recavTymyF5X6mPFA,Potassium,Metric,,2025-06-26,<b>Potassium</b><br>Group: Metric<br>Created: 2025-06-26
recb0aOx2WbBqfkkw,Temporal gait asymmetries,Metric,,2025-07-16,<b>Temporal gait asymmetries</b><br>Group: Metric<br>Created: 2025-07-16
recbN5bhywL49KKIp,Serum Transferrin Receptor,Metric,,2025-06-26,<b>Serum Transferrin Receptor</b><br>Group: Metric<br>Created: 2025-06-26
recbT6vtmciT1joG9,Blood Pressure,Metric,,2025-04-04,<b>Blood Pressure</b><br>Group: Metric<br>Created: 2025-04-04
recbn7imrG2fVG2zI,Vitamin B6 (Pyridoxine),Metric,,2025-06-26,<b>Vitamin B6 (Pyridoxine)</b><br>Group: Metric<br>Created: 2025-06-26
recd9Lh6DKvc8N8Qk,Hematocrit,Metric,,2025-06-26,<b>Hematocrit</b><br>Group: Metric<br>Created: 2025-06-26
recdExkwSnbBgKo2W,Grip Strength,Metric,,2025-04-03,<b>Grip Strength</b><br>Group: Metric<br>Created: 2025-04-03
recdk8Dmol8YKc70o,Expert rating of technique,Metric,,2025-07-16,<b>Expert rating of technique</b><br>Group: Metric<br>Created: 2025-07-16
recdlvQdb8slHiPxt,Mobility,Metric,,2025-06-26,<b>Mobility</b><br>Group: Metric<br>Created: 2025-06-26
recdsR5NQWqDGy87m,Running economy (ml/kg/km),Metric,,2025-07-16,<b>Running economy (ml/kg/km)</b><br>Group: Metric<br>Created: 2025-07-16
recduLJ1ZAWLXbKE9,Stride length,Metric,,2025-07-16,<b>Stride length</b><br>Group: Metric<br>Created: 2025-07-16
rece1DJVWxx8R9VYI,Alkaline Phosphatase,Metric,,2025-06-26,<b>Alkaline Phosphatase</b><br>Group: Metric<br>Created: 2025-06-26
rece8PRRn8kJhQLYg,MTHFR (Methylenetetrahydrofolate Reductase),Metric,,2025-06-26,<b>MTHFR (Methylenetetrahydrofolate Reductase)</b><br>Group: Metric<br>Created: 2025-06-26
receJEi7dj67aesho,Joint angles,Metric,,2025-07-16,<b>Joint angles</b><br>Group: Metric<br>Created: 2025-07-16
receYAIz4CehhJ5Jh,Glucose,Metric,,2025-06-26,<b>Glucose</b><br>Group: Metric<br>Created: 2025-06-26
recexxdHR93jJMsD6,Impulse,Metric,,2025-07-30,<b>Impulse</b><br>Group: Metric<br>Created: 2025-07-30
recf0anAA4kiaaPCh,BUN (Urea Nitrogen),Metric,,2025-06-26,<b>BUN (Urea Nitrogen)</b><br>Group: Metric<br>Created: 2025-06-26
recfHXwOLNmUZnS0H,T3 (Triiodothyronine),Metric,,2025-06-26,<b>T3 (Triiodothyronine)</b><br>Group: Metric<br>Created: 2025-06-26
recfazgJnTqODIZ5u,Leg press,Metric,,2025-06-26,<b>Leg press</b><br>Group: Metric<br>Created: 2025-06-26
recg8Ko1wF4Eh3ZU2,Omega-3 Index (measured via OmegaQuant),Metric,,2025-06-26,<b>Omega-3 Index (measured via OmegaQuant)</b><br>Group: Metric<br>Created: 2025-06-26
recgW6jAJUlMb8AZS,Hepcidin,Metric,,2025-06-26,<b>Hepcidin</b><br>Group: Metric<br>Created: 2025-06-26
recgmkLG5b2lYCtTD,Zinc (RBC),Metric,,2025-06-26,<b>Zinc (RBC)</b><br>Group: Metric<br>Created: 2025-06-26
recguQfS3B7jaIQ1f,Visceral Adipose Tissue (VAT),Metric,,2025-06-26,<b>Visceral Adipose Tissue (VAT)</b><br>Group: Metric<br>Created: 2025-06-26
rech67D1hc4JegWpv,Resting Metabolic Rate (RMR),Metric,,2025-06-26,<b>Resting Metabolic Rate (RMR)</b><br>Group: Metric<br>Created: 2025-06-26
rechZxqCAyrzD87Nw,vO2 max,Metric,,2025-04-03,<b>vO2 max</b><br>Group: Metric<br>Created: 2025-04-03
rechlArA8Xu3FTJyt,LDL Particle Number,Metric,,2025-06-26,<b>LDL Particle Number</b><br>Group: Metric<br>Created: 2025-06-26
rechnXyPCh39EGZBv,FSH (Follicle-Stimulating Hormone),Metric,,2025-06-26,<b>FSH (Follicle-Stimulating Hormone)</b><br>Group: Metric<br>Created: 2025-06-26
rechrDskBovBPa1qj,Calcium,Metric,,2025-06-26,<b>Calcium</b><br>Group: Metric<br>Created: 2025-06-26
rechrEJCmT5QRUfps,Centre of Pressure (CoP),Metric,,2025-07-16,<b>Centre of Pressure (CoP)</b><br>Group: Metric<br>Created: 2025-07-16
rechualO0nYfjkcsI,SD-LDL (Small Dense LDL),Metric,,2025-06-26,<b>SD-LDL (Small Dense LDL)</b><br>Group: Metric<br>Created: 2025-06-26
rechy7JrcfWWJyf9Y,Uptake T3,Metric,,2025-06-26,<b>Uptake T3</b><br>Group: Metric<br>Created: 2025-06-26
reci8f0cQgHgNfWsc,Max Speed,Metric,,2025-08-19,<b>Max Speed</b><br>Group: Metric<br>Created: 2025-08-19
reciY39uG9irn9rzc,Body Mass,Metric,,2025-04-03,<b>Body Mass</b><br>Group: Metric<br>Created: 2025-04-03
recijKohF0rCbR3ml,Heart Rate,Metric,,2025-07-01,<b>Heart Rate</b><br>Group: Metric<br>Created: 2025-07-01
recimwjzxk7udMvT5,Uric Acid,Metric,,2025-06-26,<b>Uric Acid</b><br>Group: Metric<br>Created: 2025-06-26
recj9H1vAj6iK4AwH,Blood Oxygen (SpO2),Metric,,2025-06-26,<b>Blood Oxygen (SpO2)</b><br>Group: Metric<br>Created: 2025-06-26
recjVaXGyIeUjiPfJ,Total Body Bone Density,Metric,,2025-06-26,<b>Total Body Bone Density</b><br>Group: Metric<br>Created: 2025-06-26
recjWF8EkxbjkfMGM,Waist circumference,Metric,,2025-06-17,<b>Waist circumference</b><br>Group: Metric<br>Created: 2025-06-17
recjdVk2bgHEIsg0N,ApoA1 (Apolipoprotein A1),Metric,,2025-06-26,<b>ApoA1 (Apolipoprotein A1)</b><br>Group: Metric<br>Created: 2025-06-26
recjfj0wG8uzociu3,Basophils (Absolute and %),Metric,,2025-06-26,<b>Basophils (Absolute and %)</b><br>Group: Metric<br>Created: 2025-06-26
recjjDfKqgZWy2cub,LDL Pattern,Metric,,2025-06-26,<b>LDL Pattern</b><br>Group: Metric<br>Created: 2025-06-26
recjp8hoNSeWZh0tm,COMT (Catechol-O-Methyltransferase),Metric,,2025-06-26,<b>COMT (Catechol-O-Methyltransferase)</b><br>Group: Metric<br>Created: 2025-06-26
reck2jFLhgMpl0DiM,Average velocity,Metric,,2025-06-27,<b>Average velocity</b><br>Group: Metric<br>Created: 2025-06-27
reck5PUfhr2JJD61x,Glut4 Receptor Genetics,Metric,,2025-06-26,<b>Glut4 Receptor Genetics</b><br>Group: Metric<br>Created: 2025-06-26
reckuuoT1ea8g1MxS,Homocysteine,Metric,,2025-06-26,<b>Homocysteine</b><br>Group: Metric<br>Created: 2025-06-26
reckzz4T0iAWYHqIU,Free T4,Metric,,2025-06-26,<b>Free T4</b><br>Group: Metric<br>Created: 2025-06-26
recl7nzMJhQCHrIDv,Serum ferritin,Metric,,2025-06-09,<b>Serum ferritin</b><br>Group: Metric<br>Created: 2025-06-09
reclcL2NpcJq4PIEM,Relative Peak Power,Metric,,2025-04-03,<b>Relative Peak Power</b><br>Group: Metric<br>Created: 2025-04-03
recleJuEctKkIV9sW,Campesterol,Metric,,2025-06-26,<b>Campesterol</b><br>Group: Metric<br>Created: 2025-06-26
reclw9M2iHHMIOiXD,Sleep Efficiency,Metric,,2025-06-26,<b>Sleep Efficiency</b><br>Group: Metric<br>Created: 2025-06-26
reclwaMAyyt3V82No,Peak Velocity,Metric,,2025-06-26,<b>Peak Velocity</b><br>Group: Metric<br>Created: 2025-06-26
recn6mYMjWhuZ9RDF,FIB-4 Index (Fibrosis-4 Score),Metric,,2025-06-26,<b>FIB-4 Index (Fibrosis-4 Score)</b><br>Group: Metric<br>Created: 2025-06-26
recnJlkDbOqqwyaOq,Oxidized LDL,Metric,,2025-06-26,<b>Oxidized LDL</b><br>Group: Metric<br>Created: 2025-06-26
recnZ2rdxHXwZH5GL,Sleep Quality,Metric,,2025-06-13,<b>Sleep Quality</b><br>Group: Metric<br>Created: 2025-06-13
recnkZ6HOBriIPhrO,Breast Biopsy Pathology,Metric,,2025-04-14,<b>Breast Biopsy Pathology</b><br>Group: Metric<br>Created: 2025-04-14
recnwYt4fuqjJMRmD,Neutrophil to Lymphocyte Ratio,Metric,,2025-06-26,<b>Neutrophil to Lymphocyte Ratio</b><br>Group: Metric<br>Created: 2025-06-26
recnzllCBQ2Fm0Qwy,MPV (Mean Platelet Volume),Metric,,2025-06-26,<b>MPV (Mean Platelet Volume)</b><br>Group: Metric<br>Created: 2025-06-26
recoBvWulemhshm0Y,Total Testosterone,Metric,,2025-06-26,<b>Total Testosterone</b><br>Group: Metric<br>Created: 2025-06-26
recoTw0hQ3VeYzsar,LDL-C (Low-Density Lipoprotein Cholesterol),Metric,,2025-06-26,<b>LDL-C (Low-Density Lipoprotein Cholesterol)</b><br>Group: Metric<br>Created: 2025-06-26
recooNP6jvdCxCEVl,HRT,Metric,,2025-04-14,<b>HRT</b><br>Group: Metric<br>Created: 2025-04-14
recozzps4y4JaVkAT,Omega-6 fatty acid levels (Omega-6),Metric,,2025-06-26,<b>Omega-6 fatty acid levels (Omega-6)</b><br>Group: Metric<br>Created: 2025-06-26
recp13axHS5NqQeJ6,Phosphorus,Metric,,2025-06-26,<b>Phosphorus</b><br>Group: Metric<br>Created: 2025-06-26
recp3s3taJhhePHA9,Neutrophils (Absolute and %),Metric,,2025-06-26,<b>Neutrophils (Absolute and %)</b><br>Group: Metric<br>Created: 2025-06-26
recpJi25pQZmfrfH3,Motivation,Metric,,2025-06-17,<b>Motivation</b><br>Group: Metric<br>Created: 2025-06-17
recpaQx6qfGAzx6yS,TNF Alpha (Tumor Necrosis Factor Alpha),Metric,,2025-06-26,<b>TNF Alpha (Tumor Necrosis Factor Alpha)</b><br>Group: Metric<br>Created: 2025-06-26
recptQCXLMw8mfRxG,Inorganic Phosphate,Metric,,2025-06-26,<b>Inorganic Phosphate</b><br>Group: Metric<br>Created: 2025-06-26
recpyMTHnGmHU3JWM,Specific Gene Variants related to Disease Risk/Metabolism,Metric,,2025-06-26,<b>Specific Gene Variants related to Disease Risk/Metabolism</b><br>Group: Metric<br>Created: 2025-06-26
recq1ak9WmTuKw4EL,Sedimentation Rate (Sed Rate ESR),Metric,,2025-06-26,<b>Sedimentation Rate (Sed Rate ESR)</b><br>Group: Metric<br>Created: 2025-06-26
recqGKt7aPvHFx3Bx,Time in deceleration phase (s),Metric,,2025-08-19,<b>Time in deceleration phase (s)</b><br>Group: Metric<br>Created: 2025-08-19
recqX1rStZSoCx8ic,IGF-1 (Insulin-like Growth Factor 1),Metric,,2025-06-26,<b>IGF-1 (Insulin-like Growth Factor 1)</b><br>Group: Metric<br>Created: 2025-06-26
recqrgYxJEpCfHnTh,Omega Check Whole Blood (EPA+DPA+DHA),Metric,,2025-06-26,<b>Omega Check Whole Blood (EPA+DPA+DHA)</b><br>Group: Metric<br>Created: 2025-06-26
recqs0xfEdEhNKO8o,Fasting Insulin,Metric,,2025-06-26,<b>Fasting Insulin</b><br>Group: Metric<br>Created: 2025-06-26
recrYD0A0dlEXKewp,Magnesium (RBC),Metric,,2025-06-26,<b>Magnesium (RBC)</b><br>Group: Metric<br>Created: 2025-06-26
recrYMOtkdvpzZVdd,Anti-Mullerian Hormone (AMH),Metric,,2025-06-26,<b>Anti-Mullerian Hormone (AMH)</b><br>Group: Metric<br>Created: 2025-06-26
recrfnYxGWr7NeJfL,PSA (Prostate-Specific Antigen),Metric,,2025-06-26,<b>PSA (Prostate-Specific Antigen)</b><br>Group: Metric<br>Created: 2025-06-26
recriwDB78QmRO9d3,AST (Aspartate Aminotransferase),Metric,,2025-06-26,<b>AST (Aspartate Aminotransferase)</b><br>Group: Metric<br>Created: 2025-06-26
recrqebCVdjiiZVXd,Chol/HDL-C Ratio,Metric,,2025-06-26,<b>Chol/HDL-C Ratio</b><br>Group: Metric<br>Created: 2025-06-26
recrwv5zPG1KuHyNd,Fat Mass,Metric,,2025-06-26,<b>Fat Mass</b><br>Group: Metric<br>Created: 2025-06-26
recrytaP5B0SIJk8n,HbA1c (Glycated Haemoglobin %),Metric,,2025-06-13,<b>HbA1c (Glycated Haemoglobin %)</b><br>Group: Metric<br>Created: 2025-06-13
recs6QHX3nzdmhJ0O,Age,Metric,,2025-04-03,<b>Age</b><br>Group: Metric<br>Created: 2025-04-03
recsTZnIaDhmlBwZx,Haemoglobin concentration,Metric,,2025-04-14,<b>Haemoglobin concentration</b><br>Group: Metric<br>Created: 2025-04-14
recsc2F8E3WolMJ0E,EPA (Eicosapentaenoic Acid),Metric,,2025-06-26,<b>EPA (Eicosapentaenoic Acid)</b><br>Group: Metric<br>Created: 2025-06-26
recsdjczt4g0Nmlwr,Breast Density Category,Metric,,2025-06-09,<b>Breast Density Category</b><br>Group: Metric<br>Created: 2025-06-09
recssZNndLdpR2MUV,TSH (Thyroid-Stimulating Hormone),Metric,,2025-06-26,<b>TSH (Thyroid-Stimulating Hormone)</b><br>Group: Metric<br>Created: 2025-06-26
recsyMyKbAZERJeRf,n-HDL Cholesterol (Non-HDL Cholesterol),Metric,,2025-06-26,<b>n-HDL Cholesterol (Non-HDL Cholesterol)</b><br>Group: Metric<br>Created: 2025-06-26
recsz2L6wsVveBEPE,Abd/Add strength,Metric,,2025-05-27,<b>Abd/Add strength</b><br>Group: Metric<br>Created: 2025-05-27
rectU5UGbLWsBvFkB,MCH (Mean Corpuscular Hemoglobin),Metric,,2025-06-26,<b>MCH (Mean Corpuscular Hemoglobin)</b><br>Group: Metric<br>Created: 2025-06-26
rectXvUfDcUuHJhhP,Thyroxine-binding globulin,Metric,,2025-06-26,<b>Thyroxine-binding globulin</b><br>Group: Metric<br>Created: 2025-06-26
rectk3ky5S8zN6PRj,Bench press,Metric,,2025-06-26,<b>Bench press</b><br>Group: Metric<br>Created: 2025-06-26
recufoKSYCp2JXgba,DPA (Docosapentaenoic Acid),Metric,,2025-06-26,<b>DPA (Docosapentaenoic Acid)</b><br>Group: Metric<br>Created: 2025-06-26
recuyWXXM3ymqN2UI,Sprint Speed,Metric,,2025-07-22,<b>Sprint Speed</b><br>Group: Metric<br>Created: 2025-07-22
recv0Ev5rmf9l9Kns,Dihydrotestosterone (DHT),Metric,,2025-06-26,<b>Dihydrotestosterone (DHT)</b><br>Group: Metric<br>Created: 2025-06-26
recvL7jGvr3zJbgTU,Dopamine,Metric,,2025-06-26,<b>Dopamine</b><br>Group: Metric<br>Created: 2025-06-26
recvMDD1RgNnIYbOg,Concentric Impulse Asymmetry,Metric,,2025-04-03,<b>Concentric Impulse Asymmetry</b><br>Group: Metric<br>Created: 2025-04-03
recvY7jKoylvUrX2e,Sitosterol,Metric,,2025-06-26,<b>Sitosterol</b><br>Group: Metric<br>Created: 2025-06-26
recvdlO5WklWaE0pl,Folate (Folic Acid),Metric,,2025-06-26,<b>Folate (Folic Acid)</b><br>Group: Metric<br>Created: 2025-06-26
recvoMRWl6qImX2j5,TIBC (Total Iron-Binding Capacity),Metric,,2025-06-26,<b>TIBC (Total Iron-Binding Capacity)</b><br>Group: Metric<br>Created: 2025-06-26
recwFcwp0KfgvEi9m,Push-ups,Metric,,2025-06-26,<b>Push-ups</b><br>Group: Metric<br>Created: 2025-06-26
recwi8YALhRavaT9w,Amylase,Metric,,2025-06-26,<b>Amylase</b><br>Group: Metric<br>Created: 2025-06-26
recwlBOqkAWH1Ysnj,Progesterone,Metric,,2025-06-26,<b>Progesterone</b><br>Group: Metric<br>Created: 2025-06-26
recwlFaCZn3IQvgAu,GI-MAP (Comprehensive Stool Analysis),Metric,,2025-06-26,<b>GI-MAP (Comprehensive Stool Analysis)</b><br>Group: Metric<br>Created: 2025-06-26
recwufjFZoPRa6Pkk,Arachidonic Acid/EPA Ratio,Metric,,2025-06-26,<b>Arachidonic Acid/EPA Ratio</b><br>Group: Metric<br>Created: 2025-06-26
recwvxDjFTkSTlORJ,Methylmalonic Acid (MMA - related to B12 status),Metric,,2025-06-26,<b>Methylmalonic Acid (MMA - related to B12 status)</b><br>Group: Metric<br>Created: 2025-06-26
recwx0ONF2QGMOtwZ,Coenzyme Q10 (CoQ10),Metric,,2025-06-26,<b>Coenzyme Q10 (CoQ10)</b><br>Group: Metric<br>Created: 2025-06-26
recxQK3GHfEnfxoNk,Basic Attention,Metric,,2025-06-13,<b>Basic Attention</b><br>Group: Metric<br>Created: 2025-06-13
recxZvU5DDma6k6Ld,Vitamin B3 (Niacin),Metric,,2025-06-26,<b>Vitamin B3 (Niacin)</b><br>Group: Metric<br>Created: 2025-06-26
recxj7ZjfkzOTIy6e,C-Reactive Protein,Metric,,2025-06-26,<b>C-Reactive Protein</b><br>Group: Metric<br>Created: 2025-06-26
recyRJMzF6obZMsb1,Lipase,Metric,,2025-06-26,<b>Lipase</b><br>Group: Metric<br>Created: 2025-06-26
recymH7s3r4WCMKZo,DHA (Docosahexaenoic Acid),Metric,,2025-06-26,<b>DHA (Docosahexaenoic Acid)</b><br>Group: Metric<br>Created: 2025-06-26
recyvuyBDavy0Hpmj,Mean Velocity,Metric,,2025-06-26,<b>Mean Velocity</b><br>Group: Metric<br>Created: 2025-06-26
reczGzyixkANKbKeI,HDL-C (High-Density Lipoprotein Cholesterol),Metric,,2025-06-26,<b>HDL-C (High-Density Lipoprotein Cholesterol)</b><br>Group: Metric<br>Created: 2025-06-26
reczIer2VNhu7YZ1X,Maximal Aerobic Speed,Metric,,2025-07-30,<b>Maximal Aerobic Speed</b><br>Group: Metric<br>Created: 2025-07-30
reczU7i1bLcPC4We9,Sleep Time,Metric,,2025-06-26,<b>Sleep Time</b><br>Group: Metric<br>Created: 2025-06-26
reczlhXXoTsTfL05S,Thyroglobulin,Metric,,2025-06-26,<b>Thyroglobulin</b><br>Group: Metric<br>Created: 2025-06-26
reczr3BNd66bk1zZH,Bilirubin (Total),Metric,,2025-06-26,<b>Bilirubin (Total)</b><br>Group: Metric<br>Created: 2025-06-26
rec1lq2rOCs7kr8c4,Lifestyle Optimization,Intervention,,2025-04-04,<b>Lifestyle Optimization</b><br>Group: Intervention<br>Created: 2025-04-04
rec2R7apxtHpfPFtw,Blood Flow Restriction,Intervention,,2025-07-23,<b>Blood Flow Restriction</b><br>Group: Intervention<br>Created: 2025-07-23
rec2Wc5VlpSCz94Ss,Sleep Builder,Intervention,,2025-04-03,<b>Sleep Builder</b><br>Group: Intervention<br>Created: 2025-04-03
rec5mqjEehIng333x,Plyometric training,Intervention,,2025-06-26,<b>Plyometric training</b><br>Group: Intervention<br>Created: 2025-06-26
rec6J9QKuJjogKvno,Behaviour change consultation,Intervention,,2025-07-16,<b>Behaviour change consultation</b><br>Group: Intervention<br>Created: 2025-07-16
rec6hT503mEG2BNYa,Whole Body Cryotherapy,Intervention,,2025-06-11,<b>Whole Body Cryotherapy</b><br>Group: Intervention<br>Created: 2025-06-11
rec9sObWcmN3zCyJF,Ozone Injection,Intervention,,2025-06-25,<b>Ozone Injection</b><br>Group: Intervention<br>Created: 2025-06-25
recAwZ7RT5u8CTAO6,Aerobic Training Program,Intervention,,2025-04-03,<b>Aerobic Training Program</b><br>Group: Intervention<br>Created: 2025-04-03
recCAukGIG2S0fz0a,Whole Breast Ultrasound,Intervention,,2025-06-13,<b>Whole Breast Ultrasound</b><br>Group: Intervention<br>Created: 2025-06-13
recD1hXCDlWEN9LpS,90 Day Strength & Power Programme,Intervention,,2025-07-30,<b>90 Day Strength & Power Programme</b><br>Group: Intervention<br>Created: 2025-07-30
recDXbQipLWLExmmt,Atrantil,Intervention,,2025-08-01,<b>Atrantil</b><br>Group: Intervention<br>Created: 2025-08-01
recDqpT7pbepDcUCK,Eye Patches,Intervention,,2025-04-03,<b>Eye Patches</b><br>Group: Intervention<br>Created: 2025-04-03
recFDJjYl6pV2Tdpw,Laser Therapy,Intervention,,2025-07-16,<b>Laser Therapy</b><br>Group: Intervention<br>Created: 2025-07-16
recFT2WbD2quLLhok,Spoken Greens,Intervention,,2025-06-10,<b>Spoken Greens</b><br>Group: Intervention<br>Created: 2025-06-10
recHuaPg0zUuPVZT3,Mobility Program,Intervention,,2025-04-03,<b>Mobility Program</b><br>Group: Intervention<br>Created: 2025-04-03
recIBW1uwIau2sfXf,Speed Development Programme,Intervention,,2025-05-01,<b>Speed Development Programme</b><br>Group: Intervention<br>Created: 2025-05-01
recIvG0zExuSVOSKP,EnteroMend,Intervention,,2025-08-01,<b>EnteroMend</b><br>Group: Intervention<br>Created: 2025-08-01
recKpYwaD7WOSB3IP,Cold Water Immersion,Intervention,,2025-06-11,<b>Cold Water Immersion</b><br>Group: Intervention<br>Created: 2025-06-11
recONT7kviUIq4LbT,Prolotherapy,Intervention,,2025-06-04,<b>Prolotherapy</b><br>Group: Intervention<br>Created: 2025-06-04
recRNBFeGgDH2NyWA,Evening Routine,Intervention,,2025-04-03,<b>Evening Routine</b><br>Group: Intervention<br>Created: 2025-04-03
recT2sQE63hj8mfm8,Thorne B#6,Intervention,,2025-06-11,<b>Thorne B#6</b><br>Group: Intervention<br>Created: 2025-06-11
recU646SdbEHaSHdM,Cardiovascular Exercise,Intervention,,2025-04-04,<b>Cardiovascular Exercise</b><br>Group: Intervention<br>Created: 2025-04-04
recUQUYrhZgLPQC3l,New Mattress Purchase,Intervention,,2025-04-03,<b>New Mattress Purchase</b><br>Group: Intervention<br>Created: 2025-04-03
recVAFv0N1e3knaG5,Compression Garment,Intervention,,2025-06-11,<b>Compression Garment</b><br>Group: Intervention<br>Created: 2025-06-11
recW4PLc2vhDH7ZmL,Meal Composition Change,Intervention,,2025-04-03,<b>Meal Composition Change</b><br>Group: Intervention<br>Created: 2025-04-03
reca9p24vL7qcPxyL,Vitamin D Supplementation,Intervention,,2025-06-10,<b>Vitamin D Supplementation</b><br>Group: Intervention<br>Created: 2025-06-10
reccVJHfH4ZRhp772,PRP - Platelet-Rich Plasma Injection,Intervention,,2025-07-01,<b>PRP - Platelet-Rich Plasma Injection</b><br>Group: Intervention<br>Created: 2025-07-01
rece8p5BjNtx0LfkE,Fall Prevention Program,Intervention,,2025-04-04,<b>Fall Prevention Program</b><br>Group: Intervention<br>Created: 2025-04-04
receNYUuIKsJPXKko,Resistance Training Program,Intervention,,2025-04-03,<b>Resistance Training Program</b><br>Group: Intervention<br>Created: 2025-04-03
recjDXbrvoCXsgRB9,Targeted Cryotherapy,Intervention,,2025-06-11,<b>Targeted Cryotherapy</b><br>Group: Intervention<br>Created: 2025-06-11
recjjUpHwbaEN3AAl,Aerobic & Strength 90 day programme,Intervention,,2025-04-04,<b>Aerobic & Strength 90 day programme</b><br>Group: Intervention<br>Created: 2025-04-04
reclZNswXegQ2nSHw,Olympic Lifts,Intervention,,2025-07-01,<b>Olympic Lifts</b><br>Group: Intervention<br>Created: 2025-07-01
recmrxjdVfuLFk199,Meal Timing Change,Intervention,,2025-04-03,<b>Meal Timing Change</b><br>Group: Intervention<br>Created: 2025-04-03
recpQkkncKiI7CuFW,Multi-Vitamin Elite,Intervention,,2025-08-01,<b>Multi-Vitamin Elite</b><br>Group: Intervention<br>Created: 2025-08-01
recqfdcQGaplkH8nC,ATP Inflam Control,Intervention,,2025-06-11,<b>ATP Inflam Control</b><br>Group: Intervention<br>Created: 2025-06-11
rectVSu1evgsWYZVT,Neuromuscular Activation,Intervention,,2025-04-03,<b>Neuromuscular Activation</b><br>Group: Intervention<br>Created: 2025-04-03
recuPH0Fbd8WBOjgY,Bilateral Breast MRI,Intervention,,2025-06-13,<b>Bilateral Breast MRI</b><br>Group: Intervention<br>Created: 2025-06-13
recv5HHYSfuLdegPM,Pain neuroscience module,Intervention,,2025-07-25,<b>Pain neuroscience module</b><br>Group: Intervention<br>Created: 2025-07-25
recvMqV8NMJIv9WHt,Iron Bisglycinate,Intervention,,2025-08-01,<b>Iron Bisglycinate</b><br>Group: Intervention<br>Created: 2025-08-01
recwBSveH68VaBrtv,Specific Diet Prescription,Intervention,,2025-04-03,<b>Specific Diet Prescription</b><br>Group: Intervention<br>Created: 2025-04-03
recwoVWiG0WkWSfjr,Meal Frequency Change,Intervention,,2025-04-03,<b>Meal Frequency Change</b><br>Group: Intervention<br>Created: 2025-04-03
recx1PD315xEF1bdG,Sport-Specific Skill Practice,Intervention,,2025-08-18,<b>Sport-Specific Skill Practice</b><br>Group: Intervention<br>Created: 2025-08-18
recyrKCVAUMKuZrr2,Expert Consultation Session,Intervention,,2025-04-03,<b>Expert Consultation Session</b><br>Group: Intervention<br>Created: 2025-04-03
reczHuBghTGLJxieS,NAD Injection,Intervention,,2025-06-25,<b>NAD Injection</b><br>Group: Intervention<br>Created: 2025-06-25
